farmID,s1,s2,s3,s4,s5,sp,w1,w2,w3,w4
10041,11.53846154,14.5,15.98,14.27941176,11.40625,7.253333333,6.8,5.303125,4.984848485,8.666666667
10054,12.23444444,14.8816,15.88709677,14.0475,11.20444444,8.312857143,6.75,5.467,5.741935484,8.870454545
10078,10.66,13.96,15.16296296,14.13809524,10.86333333,7.19,7.625806452,6.291304348,5.833333333,8.683333333
10080,10.66333333,12.78444444,14.69791667,13.51111111,11.15714286,8.046,7.347,6.185,6.19,9.68
10086,11.904,14.488,15.75277778,13.85,11.73333333,7.798666667,7.62,6.432142857,5.8875,9.38125
10087,11.03181818,13.94390244,15.4627907,13.66571429,11.21764706,7.822857143,7.748,5.96,5.276470588,8.903333333
10090,10.99615385,13.03793103,13.55,12.375,12.16,9.356521739,8.281304348,8.183333333,7.976,10.24761905
10091,10.73344828,13.69833333,15.44263158,13.271,10.92388889,7.220689655,6.569655172,5.530666667,5.502413793,8.403333333
10110,12.273125,15.2536,16.52921053,14.19380952,11.33022727,7.983333333,6.654186047,5.40744186,5.601136364,8.912439024
10113,12.79035714,15.53521739,16.44375,14.48653846,11.22172414,8.30825,6.964,5.503103448,5.973846154,9.014074074
10126,13.16923077,15.47727273,16.9,13.88333333,10.93555556,8.704255319,6.1875,4.6675,5.44,8.447727273
10136,13.32162162,15.91428571,16.0962963,13.73947368,10.30666667,8.253658537,6.015,4.59,5.592592593,7.965517241
10137,11.96185185,14.255,14.31310345,14.1308,12.37148148,9.099444444,8.692941176,7.782083333,7.879166667,10.21689655
10149,12.12704545,14.01682927,15.69854167,14.39425,11.59914286,8.484736842,7.516,6.166666667,5.889285714,9.2775
10156,11.39428571,14.89142857,15.69487179,13.34,10.61428571,7.741860465,6.781081081,5.847368421,5.663888889,8.616666667
10181,10.00285714,13.372,15.03787879,12.91636364,10.68733333,7.211904762,6.676666667,5.642444444,5.68075,8.2375
10183,11.545,14.25833333,15.31627907,13.32820513,10.84571429,7.919148936,7.054285714,6.072727273,5.754285714,8.915789474
10194,10.565625,13.31515152,14.83333333,13.3,10.69090909,7.05,6.526315789,5.355555556,5.510526316,8.333333333
10197,11.48857143,14.20333333,15.20952381,13.1625,10.87027027,8.134042553,7.4,6.237142857,5.917073171,8.766666667
10206,10.4724,12.81181818,14.47235294,12.80333333,10.1695,6.94,5.300869565,4.9024,5.495833333,7.267894737
10212,10.39565217,12.609375,14.45,13.28409091,10.65,7.748148148,6.613793103,6.117857143,6.133333333,8.412121212
10213,10.73,13.23181818,14.93529412,12.9525,10.5525,8.414285714,6.875862069,6.04,5.981481481,8.248571429
10216,10.16444444,12.94888889,14.96730769,13.08857143,10.35862069,7.049056604,6.5375,5.575,5.535714286,7.908
10223,10.03461538,12.0555,14.07869565,13.00617647,10.35464286,7.093809524,6.754210526,5.890625,6.377826087,8.44
10224,9.827333333,12.28255814,14.26868421,13.03666667,10.16428571,7.415925926,6.0875,5.469230769,5.608837209,7.892
10229,10.756,14.05652174,14.95416667,13.28125,10.10666667,7.536,6.018181818,5.606666667,5.794444444,7.653333333
10232,9.13902439,11.25813953,13.35603774,12.52627907,10.26032258,6.935454545,7.026666667,6.289,6.130384615,8.266086957
10238,11.31470588,14.07142857,14.99285714,12.92580645,10.00909091,8.1875,6.263157895,5.9,6.028571429,7.505
10240,9.59,11.4962963,13.0027027,11.99310345,9.880645161,7.092857143,6.753571429,5.864,6.104166667,8.253333333
10256,10.49431818,13.16511628,13.88906977,11.37827586,8.476,7.401034483,4.442105263,3.508,4.018095238,6.4745
10264,10.07368421,12.08235294,12.76692308,11.72222222,9.41,6.3,5.526,4.78,4.583333333,7.555555556
10291,10.65454545,13.45,16.09047619,14.175,11.35555556,7.517241379,6.594444444,5.33,5.375675676,8.861363636
10292,11.28238095,13.32322581,15.92119048,13.87022727,10.96333333,7.348333333,6.113142857,5.285333333,5.519333333,8.297555556
10298,12.2952,14.3792,15.37666667,13.7025641,10.85227273,9.1012,6.563333333,5.328076923,6.48952381,8.717777778
10300,11.59348837,13.78688889,15.55897436,14.30952381,11.5605,7.984693878,7.2725,5.754,5.7416,9.284
10303,12.64074074,14.78,15.94736842,13.805,11.23636364,8.256410256,7.006666667,6.004878049,6.152777778,8.771794872
10309,11.18235294,12.844,14.60447368,13.375,11.05666667,7.715,7.206896552,6.114814815,6.064,9.075862069
10311,11.5725,14.1875,15.51458333,12.76153846,10.7516129,8.397727273,7.885185185,7.05,6.754545455,8.948148148
10318,9.698444444,13.11222222,14.96207547,13.18266667,10.614,7.149555556,6.558,5.4005,5.44,8.757142857
10319,9.37,13.21,14.60142857,13.708,10.96666667,7.175,6.67,5.06,5,8.16
10324,13.3896,16.022,16.12188679,14.32131579,11.42323529,8.26962963,6.601470588,5.933461538,5.846,8.480333333
10328,12.9668,13.5716,14.704,12.68351351,10.81352941,8.281666667,6.378571429,5.293448276,5.194545455,8.744411765
10331,12.13555556,14.408,16.16055556,14.07488889,11.08325,8.375531915,6.33952381,5.3655,5.80875,8.738
10332,12.07533333,14.32047619,16.18375,13.95975,10.7825,8.470208333,5.939047619,5.327,5.963913043,8.3925
10338,13.55,15.68809524,15.97777778,12.85714286,9.916666667,9.298148148,4.837931034,4.244,5.471052632,8.14137931
10375,9.580769231,11.54,13.44615385,12.08444444,9.746666667,7.215625,6.54,6.070967742,6.076,7.895
10398,10.20588235,13.57714286,13.87111111,11.685,9.147727273,6.689130435,5.605714286,4.794285714,5.008333333,6.983783784
10409,8.99,11.43457143,13.00145833,12.05214286,9.887647059,6.532631579,6.373513514,5.454516129,5.224,7.94
10410,10.61428571,12.85789474,13.36129032,11.18695652,8.510714286,7.313333333,5.261538462,4.454166667,4.812,6.8
10421,7.775,8.79,10.66423077,10.26225,8.526857143,6.289375,6.192222222,5.444666667,5.10275,7.1335
10425,10.17083333,11.94,12.67666667,11.67096774,9.534285714,6.991428571,6.4925,5.5275,5.277142857,7.58125
10582,11.10166667,14.13333333,15.87181818,14.07083333,10.994,7.849583333,6.167857143,4.554,5.0684,8.45
10858,10.53846154,12.36315789,13.75,12.25666667,9.956666667,7,6.0125,5.76,5.88,7.615384615
10875,9.84,12.07,12.56,11.53,9.315,5.74375,5.43,5.11,4.835,7.165
10876,8.968965517,11.76695652,12.9944186,12.12825,9.92825,6.345952381,6.3615,5.867,5.638108108,7.7205
10877,8.242,10.66555556,13.02,12.0175,9.573,6.166666667,5.958666667,5.406,5.504285714,7.568947368
10880,9.116666667,10.03333333,13.03333333,11.42941176,9.26,6.340740741,5.488,5.204,4.833333333,6.955
10898,9.56744186,11.96222222,13.53333333,11.86311111,8.959333333,6.671428571,5.188571429,4.516666667,4.233333333,6.475609756
11435,10.1375,9,15.676,14.30512821,11.685,7.50212766,6.895,5.3775,5.4125,9.046153846
11438,12.165625,14.83103448,16.1675,13.84857143,10.6,8.474193548,5.4375,4.092857143,4.885714286,8.011764706
11486,9.422222222,10.29333333,10.42777778,11.4375,9.45,6.175862069,5.1,4.04,4.464,7.766666667
11488,12.27965517,14.9764,16.01257143,14.02078947,11.44674419,8.008666667,6.995853659,5.731764706,5.690263158,9.107906977
11492,12.28105263,15.1515,15.15657143,12.98611111,10.95428571,8.515217391,6.106571429,5.0384375,5.86,8.365714286
11511,11.50833333,13.33529412,15.90411765,14.2784,11.399,7.763333333,6.823043478,5.8696,5.5844,9.138
11513,11.95581395,14.45555556,15.92307692,13.8,11.048,8.446938776,6.591666667,5.908695652,5.804,8.935
11530,11.07969697,12.6388,14.2475,14.01921053,12.289,7.896904762,7.41,5.594827586,5.654705882,10.1565
11533,11.60466667,14.42647059,16.435,13.456,10.55266667,8.398378378,6.414444444,4.9132,5.0356,8.919375
11534,10.99130435,13.292,15.9075,14.3225,11.5475,7.853125,6.741025641,5.76,5.54,9.047619048
11543,11.57857143,13.75333333,15.492,14.234375,11.38285714,7.652941176,6.947,5.945833333,5.852941176,9.097142857
11552,11.33157895,13.94,15.89583333,14.0925,10.98333333,8.50625,7.278571429,6.066666667,6.6,8.877272727
11559,11.06,12.84555556,14.37472222,13.20333333,11.03,8.06255814,6.8028,5.201538462,5.987241379,8.880952381
11571,9.871304348,11.5748,15.34533333,13.51333333,11.22633333,7.95875,6.725652174,5.612173913,5.6648,9.055172414
11575,11.41652174,14.03470588,14.10730769,13.105,11.18961538,8.189722222,7.168666667,5.94137931,6.077241379,9.288928571
11605,11.20769231,14.45714286,15.99545455,14.14418605,11.42222222,7.61,6.610526316,5.48,5.447058824,9.062790698
11611,11.32380952,14.13684211,15.54444444,14.27073171,11.3625,6.747058824,6.978378378,5.767741935,5.316666667,8.875
11633,8.976666667,12.022,13.847,13.6056,10.52966667,7.16,7.001034483,6.105,6.019032258,8.739142857
11640,10.65533333,13.28045455,15.5222449,14.05942857,11.21076923,7.496666667,6.745652174,5.5192,5.215652174,8.985263158
11643,9.788235294,11.00333333,13.46285714,13.384375,11.32857143,7.64047619,7.110810811,5.878947368,5.84,8.997142857
11644,8.1548,9.783333333,14.35038462,12.70296296,10.59108108,7.148333333,8.581515152,6.8948,6.329310345,10.37105263
11649,10.34090909,13.85625,14.52105263,12.73333333,10.11351351,7.776666667,6.545714286,5.488571429,5.779310345,8.270967742
11651,11.66666667,13.43333333,14.36538462,12.89777778,10.80512821,8.4375,6.993333333,6.444,6.224,8.978787879
11652,10.56818182,12.60731707,14.48333333,13.25454545,10.8,8.078431373,7.435,6.235,6.036363636,9.366666667
11657,9.758064516,11.84666667,14.54693878,14.06046512,11.67111111,7.572972973,6.952380952,6.137142857,6.302857143,8.748888889
11665,10.73,12.92608696,14.45909091,13.10227273,10.83777778,7.9375,6.848275862,5.995454545,5.926315789,8.666666667
11667,10.87555556,13.21219512,15.11282051,13.41333333,11.18,8.007843137,7.757692308,6.468,6.25625,9.024
11677,10.584,12.1047619,14.35263158,13.42857143,11.63,7.916666667,5.542857143,5.459090909,5.412,9.94
11684,12.08,13.62608696,14.372,13.91,13,10.9,11.78947368,11.13333333,10.1875,12.65
11687,11.61538462,13.26315789,14.588,13.04137931,9.986666667,8.373684211,6.641666667,5.756,5.328571429,8.126923077
11688,10.87333333,13.4048,15.17333333,13.5432,10.66055556,7.820769231,6.552666667,5.203125,5.661818182,7.952666667
11689,11.80888889,14.17560976,15.725,14.29714286,12.84571429,8.593478261,9.2,7.752,7.617241379,11
11690,9.703571429,12.24090909,14.83714286,13.16315789,10.42,7.964516129,7.2625,5.9675,6.186111111,8.735897436
11700,11.39428571,14.89142857,15.69487179,13.34,10.61428571,7.741860465,6.781081081,5.847368421,5.663888889,8.616666667
11714,10.985,13.3425,15.50625,13.54117647,11.028,7.491891892,7.008,5.79047619,5.72,8.768
11719,11.02666667,13.31333333,15.44054054,13.37692308,10.5375,8.076666667,7.051351351,6.075,5.834210526,8.688636364
11728,12.53333333,13.35714286,14.17647059,15.21428571,13.78571429,10.45454545,12.625,11.32222222,9.75,13.65
11736,11.3,13.952,15.68484848,13.43666667,10.71724138,7.503030303,6.918181818,5.588571429,5.537142857,8.557894737
11737,10.01111111,11.40357143,12.42903226,12.336,9.928,7.861111111,7.37037037,6.503571429,6.626666667,8.496
11738,10.395,12.65,15.08,13.8025641,10.92045455,7.196,7.242307692,5.763333333,5.779310345,9.019512195
11740,10.68755556,13.72044444,15.61403846,13.91166667,11.28321429,7.733958333,6.966363636,5.5425,5.883,8.822
11749,11.23142857,13.28888889,14.81320755,14.09333333,11.78222222,9.272222222,7.30952381,7.183783784,6.980555556,9.546666667
11754,10.72666667,12.83333333,14.41304348,13.38421053,10.37916667,7.516666667,6.721428571,5.6,5.515789474,8.432
11756,9.966666667,12.31428571,15.31666667,12.992,10.66153846,7.386956522,6.464,5.534782609,5.68,8.725925926
11758,11.08292683,13.3225,14.89166667,13.392,11.02,8.095833333,7.423076923,6.18,6.1,8.9125
11763,11.08351351,13.61222222,15.37973684,13.9095,11.36684211,7.609782609,7.473333333,6.0684,5.886153846,9.464
11770,10.48294118,12.82157895,14.78765957,13.526,11.28305556,7.337317073,7.733333333,5.85,5.399130435,9.581612903
11772,10.07269231,12.44291667,15.2516129,14.34875,11.30953488,7.132,7.095813953,5.860769231,5.34972973,9.293636364
11775,10.246,13.8884,15.48944444,13.54970588,10.91725,7.2959375,7.062058824,6.168,5.625294118,8.756486486
11776,9.758,13.71703704,15.6490625,13.57333333,10.706,7.037575758,7.136451613,5.936666667,5.402666667,8.683
11783,10.44555556,13.5952381,15.32972222,13.7255,11.018,7.56,7.104166667,6.2325,5.5428,8.6755
11791,10.40454545,13.011,14.87448276,13.43377778,10.95066667,7.420357143,6.797619048,5.735238095,5.553809524,8.589545455
11793,10.9,13.81666667,15.53333333,13.64230769,11.20416667,7.78974359,7.38,6.079166667,5.703846154,8.707142857
11800,10.80481481,14.4068,15.31621622,13.332,10.77666667,7.893571429,6.762888889,5.615555556,5.473255814,8.444090909
11803,11.5415,14.2565,15.34392857,13.73404762,11.22711111,7.86030303,7.245526316,5.979117647,5.655757576,9.263181818
11807,10.58125,13.7332,15.32848485,13.58774194,11.02257143,7.096111111,6.926666667,5.602666667,4.965833333,8.749310345
11809,9.438064516,12.945,14.7688,13.13590909,10.61666667,7.451219512,7.053863636,6.072564103,5.733103448,8.516666667
11813,10.975,13.83333333,14.99444444,13.84545455,11.4,7.322727273,7.016129032,5.867857143,5.620833333,8.951515152
11814,11.38888889,13.76,15.6375,13.67096774,11.11714286,7.945454545,7.090322581,5.796774194,5.98,8.986206897
11833,10.15681818,12.49965517,14.4475,13.17088889,10.57522727,7.1321875,6.468947368,5.345142857,5.336451613,8.341190476
11854,11.91258065,14.61047619,16.26875,14.22307692,11.13933333,7.859268293,6.35925,4.78775,5.17,8.418
11856,12.15758621,15.1132,16.35897436,14.13222222,11.19755556,7.845813953,6.29,4.585909091,5.060952381,8.4225
11857,11.9568,14.88,16.10352941,14.30685714,11.56052632,7.911621622,6.542105263,4.7825,5.425142857,9.158205128
11858,12.114375,15.10466667,16.34047619,14.4875,11.1925,7.011,5.7415,4.429,4.687,8.191
11861,11.82413793,15.14333333,16.37189189,14.15925,10.89581395,7.899333333,5.878863636,4.412444444,4.862439024,8.063181818
11864,12.57625,14.58,16.01434783,13.41166667,11.03034483,7.938333333,6.446666667,4.6228,4.976521739,8.249
11879,11.19130435,14.65625,14.73157895,12.07333333,9.9,8.12173913,6.238888889,6.35,7.2,8.23
11888,11.425,13.84074074,15.79230769,14.74102564,11.47096774,8.794285714,6.913157895,5.286111111,5.7,8.903030303
11893,11.79888889,14.94939394,16.42613636,14.2245,11.19121951,8.073703704,6.376774194,5.682,5.6788,8.756744186
11907,9.889285714,12.632,13.77666667,12.848,10.2027027,6.244444444,6.714285714,5.251162791,4.880555556,8.672222222
11908,11.22121212,12.6825,14.2725,12.19032258,11.41052632,8.345238095,7.955813953,6.82195122,7.113888889,10.16666667
11913,11.69565217,14.21958333,16.69918919,14.52078947,11.43257143,8.614090909,6.773846154,5.2,5.555882353,9.64
11920,12.12821429,14.72291667,16.55515152,14.26204545,11.23577778,8.334054054,6.7375,5.029444444,5.556060606,8.9125
11925,11.10857143,13.2,15.66,14.0125,11.57435897,7.780434783,6.635,5.34,5.707692308,8.8125
11930,13.13636364,15.04482759,16.34705882,14.04146341,10.92888889,8.235555556,6.017777778,4.776923077,5.471794872,8.477272727
11939,12.79,16.0173913,16.90555556,14.53,11.16666667,9,6.561904762,5.468421053,6.005263158,8.7
11964,11.23958333,13.696,16.377,14.44976744,11.11288889,7.7596875,6.528,5.140666667,5.310333333,8.868863636
11966,12.09166667,15.67058824,15.75730769,12.92733333,10.93038462,8.457142857,6.50952381,5.521428571,6.3,8.456190476
11971,12.56578947,14.85,15.89767442,13.43488372,11.28409091,8.516666667,7.215384615,5.691891892,6.189473684,9.040909091
11972,12.3784,14.1872,15.175,13.58,12.13529412,7.325365854,8.640571429,6.095675676,4.852820513,10.15948718
12003,12.78,14.66923077,15.8375,14.28378378,11.06666667,8.148888889,6.6875,5.473684211,5.765625,8.8
12007,12.99166667,15.33448276,14.82619048,12.33181818,10.20465116,8.490697674,6.607692308,5.162162162,5.833333333,8.693181818
12011,12.37727273,15.08,16.292,14.22941176,10.90666667,7.795652174,4.82,3.78,5.1,8.2
12018,13.87727273,15.77111111,14.82708333,13.10645161,9.333333333,9.057446809,6.795238095,4.52,5.323076923,7.031818182
12019,12.106,14.31435897,15.87166667,13.4508,10.8144,8.231698113,5.67,5.446842105,5.563809524,8.28875
12022,14.09655172,16.16923077,16.11818182,13.1,9.988888889,9.026190476,5.668888889,4.726190476,5.239473684,7.702222222
12033,9.574117647,12.61176471,15.63388889,11.96157895,10.459,5.504615385,5.643043478,5.152272727,4.825833333,7.437307692
12035,12.83909091,15.81621622,16.58058824,13.642,10.66655172,8.624259259,6.425,5.128636364,5.724722222,7.9364
12036,13.94428571,15.95914286,16.35214286,13.40205882,10.22026316,9.366666667,6.168648649,4.998461538,6.138,8.063846154
12040,14.08766667,16.16483871,16.25846154,14.30685714,11.10625,8.558333333,6.529166667,5.6185,5.65,8.034324324
12047,13.41777778,15.61666667,16.33703704,14.51975,11.83810811,8.948125,7.376896552,5.9808,6.9478125,9.404411765
12048,11.611,14.72761905,14.82179487,14.40975,12.024,9.209565217,8.208857143,7.160588235,6.706538462,10.02315789
12067,9.870625,11.83617647,13.11657143,11.07064516,8.387419355,6.695111111,5.215,4.608,6.076875,6.91137931
12071,9.886666667,12.125,13.25294118,12.73181818,10.41707317,7.256756757,6.691666667,5.835294118,5.441176471,8.3975
12074,12.92361111,15.47724138,16.243125,13.38085714,10.29394737,8.459756098,5.808611111,5.025897436,5.476111111,7.972051282
12078,14.62541667,16.356,15.803125,13.5127027,10.45022727,8.702413793,6.962307692,5.84325,5.692058824,8.134545455
12081,13.74823529,16.18586207,16.64,13.93607143,10.41189189,8.52952381,6.304047619,5.020444444,5.496585366,8.164444444
12085,13.65641026,15.44242424,15.66,13.71481481,9.213636364,8.918518519,6.196,4.996,6.2125,7.157142857
12086,12.71325,15.05171429,16.0697619,14.34542857,11.70657143,8.346764706,6.579666667,5.182222222,5.6725,8.952121212
12095,12.37948718,13.61794872,14.89736842,13.28064516,9.756,8.645833333,5.967857143,4.508,5.782857143,7.52
12108,12.36511111,14.95888889,16.0534,13.66470588,10.296,8.71372549,5.665,4.985,5.68,7.890909091
12109,14.36923077,16.05428571,16.36470588,13.92888889,11.35,8.95,7.188888889,5.972,5.796,8.255172414
12114,13.16666667,16.54347826,15.29310345,12.668,9.332,8.546153846,4.684615385,4.083333333,5.942857143,6.714285714
12115,13.16666667,16.54347826,14.4,13.2,6.85,8.546153846,4.6,4.188888889,5.328571429,5.066666667
12126,12.835,14.37272727,15.78333333,14.6,11.53,7.978571429,7.306666667,5.806666667,5.893333333,8.16
12127,13.35142857,14.81315789,15.8547619,14.26571429,10.95142857,8.566666667,6.574285714,5.693103448,5.917647059,8.26875
12128,13.17586207,15.52,16.80952381,14.11,11.5,8.193548387,6.726666667,5.873333333,6.088235294,8.22
12134,12.96222222,15.39777778,15.94339623,14.348,11.24,8.303846154,7.076,5.9,6.176470588,8.62
12154,12.09125,14.6075,15.43382979,14.1545,10.93809524,7.350232558,7.851538462,6.755263158,5.990588235,9.353488372
12156,10.04625,11.78896552,12.7,12.21818182,11.46,8.274651163,7.6015,7.243571429,6.686486486,9.02
12178,11.70777778,15.02857143,15.59166667,13.54,10.975,8.073469388,7.048717949,5.74,5.793023256,8.877777778
12179,11.13690476,13.59295455,14.80529412,13.44627907,11.36357143,8.05862069,7.580952381,3.7,7.525,9.511621622
12192,10.9704,14.2848,15.67066667,13.67744186,11.23222222,7.506666667,7.350487805,5.797333333,5.418333333,8.983636364
12209,10.41833333,13.1762069,14.80535714,13.443125,11.98285714,7.768285714,7.570333333,6.699285714,6.573076923,9.345151515
12212,10.08333333,13.82,15.31666667,13.8,10.76,8.416666667,7.84,5.66,6.84,9.42
12213,11.88205128,14.33,15.23555556,13.585,11.09432432,8.133333333,7.266666667,6.282758621,5.889655172,8.898292683
12215,10.76,13.3875,14.41276596,13.21794872,11.66976744,8.448387097,8.492307692,7.629411765,6.7,9.634146341
12224,10.77391304,13.34242424,14.96170213,13.4175,11.13,7.904347826,7.442857143,6.509677419,5.839130435,8.877272727
12236,9.553076923,11.842,13.42714286,13.486,10.61533333,7.457142857,7.251290323,6.30047619,6.563157895,8.377692308
12237,11.39777778,14.05088889,15.47351852,13.31363636,10.72911765,7.78255814,6.379565217,5.3575,6.106818182,8.334333333
12239,10.08113636,13.10175,14.90961538,12.80852941,10.51285714,7.477777778,6.042105263,5.163,5.527142857,7.686363636
12244,10.43023256,13.34871795,15.09375,12.89736842,9.77,7.648979592,5.912,5.42173913,5.54516129,7.74137931
12260,11.02142857,13.37666667,14.74,13.22258065,10.61724138,7.473913043,6.577777778,5.726315789,5.488888889,8.586666667
12265,9.532258065,12.78571429,14.84333333,12.728,10.152,7.531578947,6.546666667,5.45,5.663333333,7.95862069
12268,10.11,12.9137931,14.93714286,13.084,10.41363636,7.591666667,6.4,5.7,5.876,8.34375
12281,10.25066667,12.692,14.64611111,13.10333333,10.60071429,7.364375,6.796296296,5.8875,5.787241379,9.062903226
12294,10.88181818,13.515,14.74583333,13.13,10.6,7.35,6.89,5.95,6.09,8.35
12298,10.1184,13.4136,14.91902439,13.01422222,10.40044444,7.405294118,7.387111111,5.552,5.38575,8.424444444
12308,11.42428571,14.18769231,15.226875,13.40833333,10.80285714,7.537307692,7.053333333,6.146428571,5.774,8.764705882
12348,9.804210526,12.25318182,13.34148148,12.33219512,9.9325,7.05,6.765116279,6.112444444,6.110833333,8.176341463
12357,9.286206897,11.58965517,13.26388889,12.23482759,9.914285714,6.884,6.633333333,6.006666667,5.612,8.148
12361,9.808888889,11.68666667,13.08490566,12.19666667,9.54,7.138297872,6.9,5.860714286,5.762162162,8.075
12366,9.493333333,11.45171429,13.27027027,12.152,10.265,6.909090909,6.440740741,5.871428571,6.025,8.373913043
12380,9.171111111,11.39069767,13.02702703,12.41153846,10.3125,6.908163265,6.860869565,6.251851852,6.020588235,8.034782609
12383,9.779310345,12.59230769,14.12653061,12.67777778,10.01777778,7.082926829,6.395454545,5.654761905,5.6625,7.871111111
12392,9.7348,12.49615385,13.99444444,12.83309524,10.04818182,6.820333333,6.2809375,5.364666667,5.230434783,7.959512195
12394,9.517,11.54081081,13.4284375,12.512,10.076,7.058979592,6.720833333,6.325925926,5.958974359,8.008333333
12407,9.466666667,11.13529412,12.92,11.65,9.772727273,6.84375,6.551515152,5.775,6.196551724,7.95
12435,9.307906977,11.37681818,13.22392157,12.85675676,10.2856,7.066444444,6.862857143,6.0575,6.039393939,8.295652174
12449,9.079,11.27725,13.65270833,13.360625,10.92695652,6.828571429,7.1048,6.365217391,6.090740741,8.544
12466,9.848181818,12.45257143,14.26809524,13.05612903,10.277,7.095675676,6.592,5.88625,5.626190476,8.307586207
12476,10.29,12.57142857,13.44583333,12.755,10.195,6.925,6.261111111,5.736842105,5.335714286,8.12
12483,9.757142857,12.88181818,14.57826087,12.95217391,10.2,7.011111111,6.285714286,5.5,5.43125,7.418181818
12590,11.04,13.51818182,14.26842105,10.90909091,7.12,7.388461538,4.64,3.7375,4.26,5.785714286
12594,8.766428571,11.046,13.26947368,12.42958333,9.6688,6.8425,5.777272727,5.090434783,5.439230769,7.519545455
12599,8.95625,12.24612903,13.75803922,12.32627907,9.528863636,6.662666667,5.803095238,5.035853659,5.211621622,7.396190476
12624,10.85285714,12.31944444,13.52823529,12.12333333,9.752777778,6.633793103,5.681764706,5.007142857,4.833571429,7.855
12625,9.97375,12.09772727,13.35827586,12.44171429,10.19580645,6.27375,5.678928571,4.958666667,4.785652174,7.964814815
12633,10.75947368,13.16956522,13.99333333,12.04074074,9.3,7.063913043,5.541666667,4.419230769,5.046666667,6.94
12652,10.4,12.532,13.36857143,11.69189189,8.794871795,7.18,5.3,4.435294118,4.891304348,6.6825
12662,10.09259259,12.645,13.31935484,11.67025641,8.950526316,6.94,5.946774194,5.016285714,4.825151515,7.257096774
12678,10.04761905,11.986,13.32366667,11.73206897,9.617777778,6.382631579,5.971363636,4.788,4.1475,7.515
12695,8.374,10.394,11.015,9.944,8.124,6.67,5.576,4.8475,5.455,6.584
12705,9.433333333,12.21538462,13.64516129,12.07666667,8.980769231,6.65,5.64,5.14375,5.146666667,6.9
12714,10.075,12.42666667,13.53333333,11.47333333,8.713333333,6.622727273,5.59,4.785,4.965,7.13
12723,10.365,12.58333333,13.27391304,11.56428571,8.53,6.406666667,4.645,3.9,4.08,6.422222222
12727,9.7,12.09333333,13.7375,12.31111111,9.12,6.857142857,6.4,5.94,5.66,7.5125
12730,10.07357143,12.19090909,13.79166667,11.83076923,9.392857143,6.696111111,6.401,5.412142857,5.293846154,7.9
12744,9.502888889,11.49232558,13.1,13.1,9.77,7,7.0576,6.298,6.006896552,8.357142857
12784,9.051724138,10.94285714,13.5125,12.7,10.4625,7.29,6.651282051,6.2075,6.085,8.005
12789,10,12.12,13.72352941,12.22142857,9.848888889,7.196969697,6.465909091,6.0075,5.863636364,7.793333333
12794,10.21568182,12.44918919,13.58071429,11.98371429,9.266333333,7.22754717,5.861470588,5.284285714,5.558888889,7.0534375
12832,12.81875,16.32727273,17.13333333,14.36153846,11.03333333,8.879487179,5.459428571,3.744,5.167352941,8.1525
12839,11.24324324,13.3775,15.112,13.4225,11.05714286,8.460416667,7.451724138,6.433333333,6.097058824,8.965714286
12844,11.248,13.79428571,15.23571429,12.85882353,10.16285714,6.735,6.134482759,5.277272727,4.8,7.964705882
12855,9.502916667,12.2265625,14.56708333,13.06625,10.46108108,7.3016,6.753103448,5.916190476,5.96,8.221818182
12870,9.938823529,12.11392857,14.61609756,13.59542857,10.78121212,7.3555,7.040357143,6.115,6.212666667,8.506333333
12871,10.21785714,13.216,14.24516129,13.33157895,10.39473684,7.414285714,6.567647059,5.811428571,5.815625,8.02972973
12872,9.920833333,12.32666667,14.54186047,13.19555556,10.6425,7.342857143,6.655882353,5.894117647,5.87037037,8.353846154
12879,10.464,12.30952381,14.31714286,12.66666667,10.22888889,6.768571429,6.457142857,5.795,5.955555556,8.080952381
12884,10.3,13.38235294,15.26285714,12.73478261,10.48846154,7.691489362,6.723333333,5.87,5.389189189,8.43125
12885,10.37368421,12.61481481,14.41190476,13.33939394,10.71071429,7.696428571,6.548484848,6.103448276,6.133333333,8.192
12890,11.03333333,14.07333333,14.93214286,13.35142857,10.565,8.072727273,6.734615385,6.008,6.370833333,8.2025
12892,10.72608696,12.95,14.65294118,13.0325,10.27,8.403333333,6.379310345,5.79,6.324137931,7.915151515
12895,9.066666667,11.83103448,14.63225806,12.76666667,10.472,6.378947368,6.347826087,5.62,5.368965517,8.327272727
12896,12.20666667,14.05,15.19090909,12.984,10.59090909,8.626923077,6.9,6.047058824,6.866666667,7.89
12897,11.8875,13.90540541,15.28125,13.20769231,10.52941176,8.755,6.753846154,6.4,6.528,8.203333333
12904,11.81590909,13.74634146,15.15208333,13.07948718,10.71428571,8.806976744,6.832142857,6.828,6.408333333,8.294285714
12917,11.02142857,13.37666667,14.74,13.22258065,10.61724138,7.473913043,6.577777778,5.726315789,5.488888889,8.586666667
12919,9.502916667,12.2265625,14.56708333,13.06625,10.46108108,7.3016,6.753103448,5.916190476,5.96,8.221818182
12966,12.3735,15.01368421,16.84,14.12230769,11.2325,7.9759375,6.556923077,5.183076923,6.051764706,8.942307692
12973,14.12258065,16.31071429,16.35454545,12.90697674,9.804444444,8.817777778,5.744444444,4.823255814,5.646153846,7.52
12978,10.66222222,14.13777778,15.336,13.105,11.3325,7.270833333,7.917647059,6.7,6.478125,9.18
12980,10.98,13.18380952,15.28566667,13.67823529,11.01655172,7.981052632,7.026857143,5.777837838,6.251470588,8.818965517
12982,10.96875,13.96785714,15.6,13.53529412,10.79615385,8.142424242,7.053125,6.392592593,6.332,8.783333333
12988,9.787837838,12.9425,14.866875,13.21425,10.025,7.228,6.190909091,5.326,5.41125,8.247666667
12993,9.738095238,11.68444444,13.08095238,12.08333333,9.617241379,7.065217391,6.785,5.831578947,5.820833333,8.127586207
13000,9.279166667,11.3695,12.79333333,11.8652,9.562,6.211153846,5.7775,4.942777778,4.250625,6.750454545
13020,13.32631579,15.4275,15.85133333,14.66666667,11.76714286,8.036206897,7.192820513,6.235675676,5.686428571,9.68025641
13021,9.77,12.204,14.1365625,12.97533333,10.16235294,7.395,6.208333333,5.868,6.366315789,8.091724138
13032,10.83083333,12.672,15.21210526,13.93,11.66377778,7.725333333,7.053030303,5.375666667,5.214827586,9.697777778
13035,12.18266667,14.41466667,16.17480769,14.50577778,11.56375,7.830638298,7.125641026,5.83825,5.47225,9.156923077
13036,12.44,14.86,16.11891892,14.17045455,11.34222222,8.333333333,6.926666667,5.753658537,5.752777778,9.177272727
13055,12.52564103,15.25428571,16.67179487,14.1575,10.8475,8.11509434,5.68,4.431428571,5.221052632,8.525641026
13057,11.7415625,13.204,15.78521739,13.64956522,11.2116,7.459574468,7.315333333,5.54862069,5.345714286,9.7616
13058,13.57066667,15.52342105,16.40761905,14.3296875,11.60354839,8.3418,7.6568,6.1724,5.780294118,9.11826087
13196,11.67604651,14.21577778,15.82923077,13.95088889,11.19615385,7.9825,7.013214286,5.614782609,5.41,8.7165625
13205,10.93641026,13.10717949,14.93516129,13.38583333,11.05590909,7.995,7.35625,6.0704,6.067307692,8.927894737
13209,9.95875,13.11764706,15.0826087,13.25862069,11.15,7.292857143,6.8675,6.283,5.827179487,8.837837838
13220,12.98391304,14.6692,15.68,14.3,13.04285714,10.05517241,9.203793103,7.207931034,8.687307692,11.81821429
13221,13.84411765,16.32580645,16.721875,14.10714286,10.87111111,8.543137255,6.273333333,4.895454545,5.584090909,8.354545455
13222,13.16923077,15.47727273,16.9,13.88333333,10.93555556,8.704255319,6.1875,4.6675,5.44,8.447727273
13225,12.57419355,14.9030303,16.72195122,14.53793103,12.28846154,8.662857143,7.170588235,5.5,6.014814815,9.93
13226,11.8375,13.232,16.30833333,14.5985,11.98043478,8.7916,7.3696,5.709130435,5.769,9.2248
13227,12.21864865,13.94666667,14.125,12.632,10.695,8.429591837,7.1076,5.9644,6.520967742,8.515555556
13229,11.95533333,14.83466667,16.20578947,14.58676471,11.62486486,8.553823529,8.0052,6.3996,6.5736,9.770666667
13231,13.064,15.196,16.29666667,15.01333333,11.79,8.046428571,7.053333333,5.946666667,6.064705882,8.48
13234,13.70571429,15.9692,16.09322581,13.80096774,11.10179487,8.2665,6.667575758,5.566875,5.826285714,8.491025641
13235,13.60083333,15.444,15.97709677,14.62892857,11.638,8.919117647,7.728666667,5.634666667,7.153181818,9.713125
13236,11.20846154,13.7764,15.39789474,13.53386364,11.00533333,7.991219512,7.197179487,5.91975,5.7685,8.919777778
13242,9.938,12.635,14.61588235,13.52711111,11.202,8.159285714,7.680731707,6.470714286,6.309375,9.027333333
13243,10.1384,13.08428571,14.21388889,13.40288889,10.97977778,7.260408163,7.403409091,6.131555556,5.828444444,8.922444444
13246,9.931071429,12.92038462,14.65552632,13.30575,10.37421053,7.258571429,6.82,5.86875,5.754,8.390512821
13249,10.10444444,13.09911111,14.9337037,13.45181818,10.83236842,7.644,7.317857143,6.336666667,6.320357143,9.611034483
13254,10.65133333,13.28785714,14.773,12.87657895,10.19465116,7.445208333,5.730540541,4.742857143,5.034411765,7.480238095
13339,12.68965517,14.888,16.025,13.66,10.83888889,8.208108108,6.882222222,5.769047619,5.954285714,8.542105263
13340,10.3125,12.96578947,14.52692308,13.80909091,11.65853659,7.573469388,6.770731707,5.685714286,5.528888889,8.236842105
13345,13.48025641,15.5865625,16.37433333,14.4535,11.8745,8.314565217,7.153,5.7245,6.758214286,9.0215
13503,9.39,11.84869565,13.25432432,12.339,9.917368421,7.013448276,6.723947368,6.08125,6.009032258,8.173684211
13522,9.4,10.91,12.03333333,10.53076923,8.293333333,6.266666667,5.14,4.865,4.435714286,6.013333333
13541,12.94,15.0175,16.11914894,14.09473684,11.49411765,8.691891892,5.424,4.432,4.966666667,8.919230769
13549,9.7872,13.00545455,14.6915,12.67613636,10.4725,7.332121212,7.323,6.665526316,6.06,8.34925
13550,10.08575,12.53972973,14.40272727,12.98266667,10.46137931,7.639787234,6.965555556,6.2625,6.166129032,8.792222222
13554,11.24333333,13.7,15.12340426,13.175,10.795,8.274285714,7.476666667,6.548148148,6.185714286,8.746875
13562,12.33589744,14.41744186,15.92403846,14.14923077,11.31964286,8.315510204,6.800454545,5.564090909,5.768181818,8.932
13563,10.46363636,12.675,14.04275,12.56129032,11.35833333,8.31775,7.88,6.0355,5.784814815,9.085
13566,12.97852941,14.42,14.84634146,13.70769231,11.40333333,8.209111111,7.649666667,6.271785714,5.813793103,9.34
13567,11.847,14.59444444,15.89564103,14.06548387,10.8315625,7.166774194,7.588235294,6.874193548,6.296666667,9.140789474
13570,10.19090909,12.36190476,13.424,12.25357143,9.55625,7.286666667,6.581578947,6.247058824,6.207692308,8.1725
13572,9.715384615,11.75333333,13.0030303,12.47083333,10.32272727,7.176923077,6.553333333,5.753333333,5.66,8.006666667
13573,10.12083333,12.036,13.61212121,12.95,10.2825,6.863636364,6.535135135,5.884615385,5.812820513,8.048717949
13581,9.07,12.722,13.38454545,10.544,7.81,6.721304348,4.861578947,3.8835,4.18,6.413809524
13612,10.17954545,12.688,14.47035714,13.69029412,10.46675676,7.310243902,6.203555556,5.459090909,5.349487179,7.954473684
13629,13.091,14.85083333,16.3725,14.02595238,11.0675,8.2576,6.338484848,5.236176471,5.695555556,8.52862069
13643,11.02846154,14.1012,15.589375,13.27027027,10.898,8.006904762,7.033863636,5.851190476,5.724871795,8.787045455
13644,10.9874359,12.67820513,14.51042553,12.66857143,10.54482759,8.19,7.0875,6.480714286,6.193414634,8.97037037
13652,8.906666667,11.47857143,14.23888889,11.76923077,12.8,6.672222222,8.74,6.161538462,5.92,9.166666667
13669,9.882142857,13.01,14.91351351,13.37,10.68,7.693333333,6.733333333,5.977777778,6.061904762,8.285714286
13677,10.46785714,13,14.87894737,12.72777778,9.875862069,7.7,6.853125,6.260869565,6.54375,8.458333333
13699,9.9396,12.9855,15.68777778,14.7632,11.095,6.167272727,6.481666667,5.85,4.9803125,8.862
13704,12.14,13.675,15.42171429,13.83658537,11.615,7.730967742,7.593333333,6.347727273,6.208108108,9.348717949
13706,10.71724138,13.50733333,15.278,13.66314286,11.0540625,7.856,6.879166667,5.6532,5.89,8.248
13708,10.41692308,13.70657143,15.59538462,13.83222222,11.06083333,7.585714286,7.204347826,6.432,5.6,8.6188
13711,10.578,13.5195,14.95041667,13.61625,11.46266667,7.241785714,7.600227273,6.052105263,5.619333333,9.186666667
13727,9.29,11.27444444,12.78333333,12.05083333,10.354,7.177272727,6.959411765,6.560625,6.575714286,8.521428571
13748,8.915384615,11.45185185,13.56129032,12.28,9.733333333,6.735483871,6.406666667,5.463333333,5.356666667,7.646666667
13831,10.5804878,12.17297297,14.45789474,13.22413793,11.53157895,8.059259259,5.952631579,6.184615385,6.431707317,9.24
13837,9.87547619,12.97488889,14.79358491,12.75785714,10.22151515,8.065853659,6.742333333,5.935,5.738333333,8.363703704
13838,11.14666667,14.042,15.27291667,13.7165625,11.24857143,7.657647059,7.137666667,5.771034483,5.086666667,8.989428571
13841,9.606046512,12.61888889,14.785,13.3655,10.64857143,7.784,6.9932,6.093478261,5.9712,8.4564
13845,10.43355556,13.1975,14.91018519,13.47682927,11.113,7.526226415,7.074,5.375263158,5.495185185,8.467037037
13852,10.33103448,13.45428571,14.26938776,13.19772727,10.31333333,7.148717949,6.694594595,5.756666667,5.623529412,8.019047619
13867,11.80692308,13.11666667,14.45083333,12.47391304,9.404761905,8.17097561,6.8044,5.7848,5.857666667,8.565
13870,12.72941176,14.28571429,14.99652174,12.94513514,10.19678571,8.815294118,5.8745,5.651666667,6.227272727,7.39125
13872,11.136,13.518,15.4472,14.18884615,11.94517241,8.007391304,8.222592593,6.172608696,6.7875,9.4964
13873,11.07,13.44533333,14.78041667,14.245,11.9225,8.0128,7.81625,6.435142857,6.677931034,9.50137931
13874,12.05939394,13.83914286,15.13625,12.90033333,10.06153846,8.877096774,6.3315,6.266,6.487,7.234210526
13876,11.19128205,13.21931818,15.12837838,13.426,10.74666667,8.435833333,7.073043478,6.2525,6.8972,8.775833333
13886,9.712903226,11.96714286,13.33342105,12.24358974,9.960526316,6.94516129,6.744117647,6.077142857,5.863333333,8.169230769
13887,10.404,12.48095238,13.47666667,12.38108108,9.869767442,7.164864865,6.690909091,6.2,6.244186047,8.1
13888,9.595333333,11.79071429,13.37521739,12.3075,10.06366667,7.061428571,7.227777778,6.294,6.287916667,8.135714286
13959,10.02,14.875,14.05,12.36,9.014285714,6.5,5.1,4.42,4.075,7.34
13965,11.99047619,14.445,15.02083333,13.56666667,11.92,7.532142857,7.393333333,6.291666667,5.86,9.32
14016,13.11555556,15.46222222,16.98301887,14.51333333,11.21333333,9.529166667,5.653636364,3.408333333,4.47,8.851515152
14019,10.6826087,13.26086957,13.82820513,11.8175,9.355555556,6.9875,5.737777778,5.276744186,5.172972973,7.362222222
14039,11.34666667,14.09375,15.524,14.15,11.46969697,7.530434783,6.953125,5.695588235,5.688888889,8.996969697
14040,11.67272727,13.96666667,15.48,13.78846154,11.39189189,7.967857143,6.878125,5.807352941,5.764285714,8.977142857
14041,9.38,11.7,13.60833333,12.44,10.07073171,7.140625,6.335294118,5.824242424,5.58,7.681081081
14042,9.55775,11.54,13.19093023,12.49666667,10.22413793,7.03254902,7.013076923,6.224516129,6.073170732,8.4
14043,10.81071429,13.29259259,15.22285714,13.3375,10.54666667,8.16875,6.6,5.520833333,5.996,8.15
14076,9.26969697,11.83142857,13.12391304,11.95675676,9.289189189,6.590909091,5.386666667,5.04137931,4.804,7.074285714
14081,11.8116,14.9888,15.39285714,13.40318182,10.64733333,7.679,7.001555556,5.710888889,5.63255814,8.636888889
14086,10.31666667,13.33103448,16.10322581,14.12424242,11.33255814,7.48974359,6.66097561,5.33,5.358974359,8.863636364
14136,12.3025,15.03,16.48461538,14.12444444,11.03181818,8.205405405,7.158823529,6.3625,5.724324324,8.658974359
14245,9.3525,11.83888889,13.425625,12.038,8.9704,6.3544,5.355,4.812173913,4.747777778,6.9492
14435,10.64285714,13.32888889,15.08148148,13.71463415,11.59142857,7.668627451,7.826666667,6.44,6.290909091,9.514285714
14495,12.48,15.39655172,16.20784314,14.15333333,11.17045455,8.3,6.111764706,4.809677419,5.205882353,8.529545455
14799,13.31025641,15.5475,16.07708333,14.0125,11.41714286,8.646938776,5.152,4.492,5.073529412,8.921428571
15118,9.95,12.55625,12.68974359,11.13703704,8.6125,6.643333333,5.215,4.678947368,4.51875,6.53
15196,11.79851852,14.20428571,15.44318182,13.45295455,10.916,7.685,6.280697674,5.268378378,5.38,8.382666667
15338,13.091,14.85083333,16.3725,14.02595238,11.0675,8.2576,6.338484848,5.236176471,5.695555556,8.52862069
15375,9.614473684,11.938,13.09234043,12.42307692,10.25263158,7.064102564,6.882820513,6.295,6.053513514,8.443589744
15403,10.86318182,13.24404762,15.02914286,13.3008,11.07363636,7.5475,7.064166667,5.8792,5.526785714,8.790526316
15456,11.18,14.51619048,15.23675676,13.488,10.98176471,7.591891892,7.382758621,5.74,5.763636364,9.332142857
15796,11.43076923,13.89130435,16.35384615,14.19761905,10.78,7.747222222,5.736363636,4.669230769,5.545714286,8.120454545
16755,11.94027027,14.43756757,16.20073171,14.24,11.52972973,8.125957447,6.97,5.838,6.32516129,9.287142857
16797,12.12704545,14.01682927,15.69854167,14.39425,11.59914286,8.484736842,7.516,6.166666667,5.889285714,9.2775
17177,9.782439024,12.30384615,14.40708333,13.37966667,10.88068966,7.7984,7.463478261,6.411363636,6.667575758,8.955909091
17357,11.63513514,13.47096774,16.05319149,13.98,11.09545455,8.030769231,6.861538462,5.116216216,5.358974359,8.786363636
17495,10.2902439,12.7,14.9787234,13.22941176,10.23333333,8.157142857,6.9,5.885,5.8125,8.2375
17575,12.10882353,13.790625,14.06888889,12.8125,10.63953488,8.3475,5.839473684,4.578787879,5.36,8.013636364
18217,11.275,13.58235294,15.9525,14.04,11.17647059,7.911627907,6.88,6.148387097,5.89,8.685714286
18235,10.634,15.45,16.7,14.28058824,11.52565217,7.991111111,6.796875,5.52,5.89,9.482
18275,13.6962963,16.00769231,16.77021277,14.26666667,11.18409091,8.244444444,6.365714286,4.770588235,5.476470588,8.55
18639,11.7047619,14.3736,16.47261905,14.56025,11.2704878,8.145,6.794,5.458275862,5.421071429,9.424285714
18657,10.62866667,13.30113636,15.14577778,13.33285714,10.40515152,7.619069767,6.658333333,5.503,5.318636364,8.641785714
18898,10.1074359,12.54810811,14.33921053,11.58181818,11.2,7.825106383,7.762,6.778571429,6.517777778,9.15
18936,9.597560976,12.065,12.91276596,11.59375,9.02,6.498076923,5.491666667,5.474285714,5.28,6.824242424
19015,11.41428571,13.46410256,14.71458333,13.315,10.97272727,7.759574468,6.607692308,6.185294118,5.576315789,8.838095238
19016,10.00285714,12.09142857,13.80512821,12.775,10.29166667,7.245,6.545,5.815,5.575,7.895454545
19115,10.592,12.64,14.38,12.78235294,9.65,7.83125,5.9,5.42,5.061111111,6.916666667
19135,10.16538462,12.69615385,13.83333333,11.63111111,9.108888889,6.582926829,5.48,4.9525,5.117948718,6.923809524
19195,9.715,12.57807692,14.129,12.75384615,10.12244444,6.735277778,6.315,5.515945946,5.4496875,7.9665
19336,11.05,12.9275,15.83333333,14.2975,11.55,7.35,6.982222222,5.5375,5.396296296,8.928205128
19355,9.622272727,11.41444444,13.81457143,14.39785714,11.77470588,8.08125,8.034137931,6.793928571,6.841724138,10.22470588
19655,13.21269231,15.5884,15.932,13.50921053,11.5872093,8.570857143,7.823953488,6.996666667,6.460322581,9.615238095
19855,10.67555556,13.71777778,14.99056604,13.12333333,10.13793103,7.616666667,6.08,5.695,5.808333333,7.92
19939,12.27866667,14.50177778,16.11648148,13.82368421,10.56117647,8.442291667,6.298947368,5.1565,5.905238095,8.798928571
19977,10.42181818,12.7204,14.05833333,11.91923077,9.156521739,7.104444444,5.44,4.528421053,5.13125,6.8125
19995,10.70952381,14.05,15.23478261,13.64666667,10.83333333,7.669230769,7.19,6.18,5.8,8.733333333
20115,11.004,13.3,14.98214286,12.22105263,10.24102564,8.003142857,6.412,5.50375,6.251212121,8.392105263
20315,12.05384615,14.68571429,15.1525,12.95263158,10.49756098,8.151428571,7.06744186,6.108571429,6.139310345,8.595555556
20455,12.93555556,15.1245,16.09916667,13.40666667,10.34444444,8.835471698,5.595,5.02,5.915666667,8.004166667
20559,9.317027027,11.50594595,13.23390244,12.44793103,10.18571429,7.151428571,6.728148148,6.053448276,6.046666667,8.204285714
20595,11.765,14.24,16.134375,13.92682927,11.15777778,6.821875,7.358139535,5.056756757,5.006060606,8.7625
20776,10.80666667,12.38823529,13.908,12.45238095,10.775,8.052083333,7.216,6.116,6.035714286,8.27
20796,10.85,13.26,15,13.22727273,10.65454545,7.717241379,6.593333333,5.86,5.386956522,7.942857143
20815,11.25147059,14.06470588,15.08382353,13.31766667,10.68870968,8.040606061,7.083333333,6.019354839,6.00969697,8.738823529
21335,11.25,14.352,14.64848485,13.58,10.57777778,8.691304348,7.486666667,6.186666667,6.623076923,8.833333333
21415,12.08787879,15.12333333,15.80444444,13.72666667,10.66136364,8.367567568,6.118421053,4.948648649,5.341025641,8.181395349
21676,10.04347826,12.35263158,13.98837209,12.41333333,9.642222222,6.674358974,5.59925,4.77,4.9,7.446666667
21755,12.13487179,14.22057143,15.86162162,14.716,11.68809524,8.295897436,7.113636364,5.963043478,5.710769231,9.022
21915,12.48,15.175,15.97,10.71333333,10.50666667,8.027058824,6.337058824,5.2875,5.3725,8.34
22015,10.96724138,13.53,15.1465625,13.62192308,11.2448,7.641935484,6.8772,5.358235294,5.694705882,8.423043478
22095,13.97355556,16.02976744,16.5530303,13.36,10.52166667,8.969622642,5.9376,5.549166667,7.223103448,8.167037037
22315,12.72321429,15.47538462,16.44589744,14.34914286,11.64,8.448235294,6.697,5.636,5.741304348,9.1175
22335,9.962285714,12.63314286,14.84170732,12.45628571,9.937407407,7.241142857,5.982352941,5.228,5.137058824,7.833478261
22455,10.12404762,13.06232558,14.90148148,13.39119048,10.63060606,7.498085106,7.551111111,6.3328,5.757777778,8.670384615
22596,10.67206897,13.04666667,15.57870968,13.8846875,11.03921053,7.383823529,6.834333333,5.681666667,5.1221875,8.760571429
22775,9.804347826,12.45833333,13.29166667,11.74,8.613333333,7.3,5.445,4.3,5.6,6.486666667
22915,11.42105263,13.33333333,15.47826087,14.39705882,11.5,7.066666667,6.766666667,5.303125,4.883333333,8.948571429
22955,11.84,13.70942857,15.43051282,14.55242424,12.27518519,8.110444444,7.6424,5.985,6.34,10.6344
23375,11.57651163,14.08769231,15.43609756,13.43433333,10.94133333,7.750943396,7.504166667,6.003846154,5.783333333,9.2136
23436,11.05545455,14.4115,14.76935484,14.18433333,11.70114286,7.877,7.412068966,6.094482759,5.7536,9.279142857
23695,11.545,14.25833333,15.31627907,13.32820513,10.84571429,7.919148936,7.054285714,6.072727273,5.754285714,8.915789474
23816,9.138636364,11.8475,12.57083333,11.18,9,6.506666667,5.56875,4.696428571,4.953846154,6.846666667
24035,13.3796875,15.25111111,16.42233333,14.33965517,12.86821429,9.852307692,9.242,8.374210526,8.8088,11.53884615
24115,9.696666667,12.80645161,14.37234043,12.790625,10.09666667,7.159459459,6.588,5.923076923,6.028125,8.086666667
24135,12.32560976,14.221,16.2255,14.16541667,11.6245,8.196666667,7.257272727,5.885217391,5.656521739,8.854
24196,9.611111111,12.6,13.995,12.17391304,10.12916667,6.6825,6.365172414,5.863928571,5.575833333,8.166666667
24315,10.12857143,13.16518519,13.69489362,12.04318182,9.313333333,6.969444444,5.69,5.1025,5.3875,7.244444444
24455,10.545,13.645,15.07291667,13.4892,10.94880952,7.43,7.003488372,5.999333333,5.711025641,8.628222222
24495,10.476,15.37571429,15.21625,12.87,11.038125,8.396666667,9.211428571,6.8945,7.119230769,8.598571429
24575,9.6752,12.91892857,12.9452,12.23111111,9.44,7.206129032,5.756666667,5.14075,5.423333333,7.237777778
24695,9.072,11.53837838,13.48651163,12.1825,9.869047619,6.687948718,6.32775,5.339,5.171428571,7.973684211
24696,9.561538462,11.58361111,13.47125,12.524,9.804347826,7.017777778,6.733333333,6.184615385,6.317948718,8.235
24715,10.18628571,12.09076923,12.35787879,10.65628571,8.41974359,8.037619048,7.353157895,6.294871795,6.632051282,7.9075
24735,12.12258065,14.2974359,16.09795918,14.11578947,10.86857143,8.029411765,5.56969697,4.38,4.8125,8.458823529
24937,12.245,15.19210526,15.95833333,13.612,10.56,8.709615385,5.138461538,4.507692308,5.824390244,7.98
24975,12.14482759,15.09583333,16.14358974,13.82682927,11.04444444,8.105263158,6.78,5.626190476,5.671052632,8.704545455
25055,11.71033333,15.3304,15.71837838,13.24883721,10.60555556,7.829565217,6.879772727,5.830666667,5.395853659,8.59
25235,9.845714286,11.68846154,13.13181818,11.575,8.728571429,6.740540541,5.864074074,4.932,5.192,7.096296296
25815,12.32555556,14.26341463,16.09871795,14.36451613,11.48653846,8.524680851,7.307272727,5.893,5.923461538,9.3384
25835,10.19047619,12.83684211,14.56969697,11.87777778,11.23255814,7.740540541,6.966666667,5.946666667,5.804878049,8.70952381
25895,13.19333333,15.26888889,16.276,13.77666667,10.864,8.430769231,6.11,5.015,5.832432432,8.420833333
25896,12.63333333,14.7,16.17254902,13.8675,10.9775,8.211764706,6.256666667,5.079166667,5.7,8.173684211
26135,10.26818182,12.33111111,14.36538462,12.8,10.07714286,7.731818182,6.435483871,6.011538462,5.837931034,7.945454545
26155,9.940540541,12.05294118,13.12857143,12.90625,10.37333333,7.368085106,6.4,5.924,5.891428571,7.926666667
26235,11.7888,14.32,15.96827586,13.16190476,10.38823529,8.37575,7.1752,6.2176,6.295,8.988235294
26295,12.297,14.10888889,15.67096774,13.56956522,11.7028,8.0758,7.5928,6.418461538,5.811818182,9.623333333
26335,9.668571429,12.3,12.84814815,11.1047619,9,6.971428571,5.3,4.548,4.818518519,6.845
26435,11.17,13.65172414,15.25852941,13.44107143,10.87242424,7.670454545,6.4832,5.470833333,5.75625,9.1
26575,10.59411765,13.56363636,14.459375,12.73488372,10.27560976,8.297674419,6.226829268,5.478378378,5.89,8.048837209
26595,12.16666667,15.08333333,15.97179487,13.98,11.01111111,8.170731707,6.74,5.582222222,5.66,8.854545455
26738,11.09733333,15.68555556,16.81083333,14.33857143,11.44133333,7.763636364,6.397777778,5.379,5.835555556,8.93
26775,9.228888889,11.4047619,13.34347826,12.76129032,10.21153846,6.902,6.904545455,6.156,6.113333333,8.27826087
26795,9.479230769,12.50148148,14.15361111,12.06147059,9.997666667,6.65,6.148,5.042857143,5.0175,7.585357143
27055,10.770625,13.1905,14.83567568,13.21466667,10.47133333,7.437111111,6.335333333,5.313333333,5.236829268,8.144
27095,12.9,15.375,16.23636364,13.62272727,11.355,8.422,7.248,6.228,6.238888889,8.855
27315,13.309,15.08473684,16.23066667,13.55083333,10.6644,8.826086957,5.683157895,5.172105263,5.570769231,8.13826087
27436,10.22133333,12.85675,14.44604167,12.90645161,10.084,7.306666667,6.67826087,5.86,5.880930233,8.225
27536,9.18,11.36,11.14736842,11.79473684,9.32,6.2,5.675,4.882352941,4.76,6.953333333
28096,12.43051282,14.31628571,16.09357143,14.426,11.73441176,8.649,6.894333333,5.865333333,5.825333333,9.082
28256,7.91,10.95,15.54166667,13.965,11.57777778,7.111111111,6.386666667,5.561538462,5.38,8.942857143
28316,9.84,11.69333333,13.62222222,11.44333333,8.89,6.75625,5.75,5.21,5.58,7.1375
28336,8.998888889,11.73761905,12.50791667,11.4924,8.909642857,6.477714286,5.510666667,4.986333333,5.233333333,6.971714286
28416,9.484375,10.52727273,13.645,12.92142857,11.58666667,8.017073171,8,7.036,7.094117647,8.866666667
28636,9.362888889,11.66157895,13.46302326,12.64117647,10.37586207,7.010377358,6.805,6.3336,6.034883721,7.990909091
28776,10.73,13.23181818,14.93529412,12.9525,10.5525,8.414285714,6.875862069,6.04,5.981481481,8.248571429
28976,11.39111111,13.26888889,14.19814815,13.31111111,11.31,7.886792453,7.196296296,6.356,6.226666667,8.820833333
28996,11.975,14.07342105,15.94047619,14.62029412,12.27103448,8.260208333,7.3792,6.019,5.937096774,9.3976
29016,9.452941176,11.41,13.42,12.31176471,8.852173913,6.569565217,5.485,5.023529412,4.573333333,6.925
29056,9.959,12.56458333,14.03969697,12.591,10.10159091,7.045833333,6.284705882,5.509428571,5.392592593,7.931470588
29116,10.3165,12.901,14.308125,12.77631579,10.05666667,7.471333333,6.856363636,5.9125,5.981428571,8.176923077
29276,11.17777778,12.52941176,15.06785714,12.83809524,11.015,8.316981132,7.292,6.152,6.132142857,9.27
29336,9.645833333,13.87368421,14.66451613,13.45945946,11.065,7.63,7.2175,5.984848485,5.806896552,9.018918919
29376,9.077777778,12.17333333,12.8375,11.08888889,8.673333333,6.530555556,5.477142857,4.991428571,5.308571429,7.094285714
29436,9.06,11.89,12.43333333,10.775,9.342857143,6.052941176,5.354545455,4.88,5.111111111,6.85
29537,9.77,12.61304348,13.83680851,12.3175,9.6975,6.670833333,5.997142857,5.003030303,5.140740741,7.466666667
29656,11.08857143,14.04,15.37142857,13.77619048,11.005,7.671052632,7.038461538,5.793103448,5.515384615,8.725
29697,11.52666667,13.52325581,15.35319149,12.87209302,10.12954545,7.960869565,6.564705882,5.841935484,6.142857143,7.532432432
29816,13.33214286,14.86113636,16.01173077,13.86977273,10.7615625,8.5194,5.9915,5.1095,5.7075,8.4736
29876,10.22941176,12.99615385,13.81891892,11.55483871,8.838888889,6.76,5.189655172,4.303703704,4.62,6.734285714
29896,11.31470588,14.07142857,14.99285714,12.92580645,10.00909091,8.1875,6.263157895,5.9,6.028571429,7.505
29936,13.18,15.153125,15.95789474,13.78857143,10.69117647,8.575,5.986666667,5.1125,5.714705882,8.134482759
29957,12.11904762,15.21666667,16.54615385,13.79117647,10.62,7.658333333,5.433333333,2.683333333,3.7125,7.776923077
30036,6.703181818,8.934137931,12.68090909,12.73785714,9.858529412,5.858888889,6.823478261,4.446111111,4.726086957,8.660333333
30076,9.848888889,12.59772727,13.78632653,11.85,9.1,6.854,5.604,4.584,4.648148148,7
30137,9.428,11.75333333,13.69268293,12.27567568,10.07105263,7.05,6.488235294,5.865714286,5.821875,7.94
30177,8.374,9.213,10.55833333,9.738,8.803333333,6.67,5.613,5.47,5.455,7.434
30196,9.733888889,12.2265,13.76,11.3855,10.53705882,7.446111111,7.866666667,7.004545455,7.47,9.613913043
30257,9.904761905,12.21,13.5375,12.71875,9.947826087,7.264814815,6.4375,5.911111111,5.843243243,7.97
30297,10.13121212,12.54631579,13.31265306,11.64545455,8.813157895,6.905454545,5.248571429,4.496428571,4.958333333,6.494285714
30377,10.352,13.24,14.29705882,13.01190476,10.32,7.24,6.623684211,5.825,5.841176471,8.124324324
30437,9.502888889,11.49232558,13.22,12.49666667,9.951724138,7.055510204,7.0576,6.298,6.006896552,8.357142857
30537,8.322727273,12.186,13.919,12.298,9.5704,6.593333333,6.162631579,5.453333333,5.375714286,7.472
30559,11.16695652,13.1585,15.11193548,13.01921053,10.89289474,7.798235294,6.717179487,5.852105263,5.785142857,8.859736842
30560,10.3856,12.81357143,13.57844444,11.9,9.273333333,7.392702703,5.842045455,5.422,5.774473684,7.226666667
30657,11.665,15.5125,16.57916667,13.79230769,10.57027027,8,5.182352941,3.6,4.421052632,7.654545455
30717,12.48095238,14.42333333,15.72903226,13.75217391,10.4,8.528301887,4.537037037,4.639285714,5.57,8.15
30817,9.375,12.17333333,13.52173913,12.2,9.29,6.582352941,5.401111111,4.7,5.056666667,6.947368421
30837,11.2262963,14.012,15.84939394,14.31771429,11.15,7.637317073,6.8075,5.51575,5.416153846,8.862121212
30897,10.25181818,12.46421053,13.39731707,12.122,9.471666667,7.183333333,6.223214286,5.728,6.1748,7.784482759
30997,10.27225806,12.825,13.4832,11.44,8.344444444,6.944444444,4.6,4.328571429,4.415,6.05
31038,11.21,13.92,15.94117647,12.16511628,10.67272727,8.282121212,6.324666667,5.260697674,5.496,8.272093023
31117,12.589375,14.50428571,17.22272727,14.92,11.43896552,8.059772727,7.0296,5.5785,6.025714286,9.234137931
31157,11.14681818,13.6715,15.769,13.928,11.14428571,7.844444444,6.360714286,5.213043478,5.15,8.707826087
31338,10.18529412,13.05384615,14.48958333,12.99318182,10.32790698,7.431707317,6.42483871,5.840882353,5.931052632,8.132258065
31357,9.641944444,12.28108108,13.65789474,11.25,8.539259259,7.013243243,4.967142857,4.145925926,4.285384615,6.257241379
31437,10.21481481,13.14,14.48125,12.964,10.53043478,7.708333333,7.142857143,6.372727273,6.393333333,8.515
31477,11.19130435,14.65625,14.73157895,12.07333333,9.9,8.12173913,6.238888889,6.35,7.2,8.23
31497,10.95,13.6,15.22368421,13.45581395,11.22444444,7.964285714,6.972093023,5.9425,6.105882353,8.86
31517,9.618181818,11.372,12.70333333,11.62833333,9.8,6.60625,6.329411765,5.57,5.638461538,7.753846154
31557,9.072045455,11.21214286,13.4234,12.9771875,10.03526316,6.753269231,7.198333333,6.339615385,6.121081081,8.64
31577,10.42431818,12.88777778,14.56928571,13.65,11.14705882,8.2568,7.5309375,6.633125,6.223529412,8.839642857
31677,9.077777778,12.74571429,14.44878049,12.75666667,9.942857143,7.457692308,7.127777778,6.125,6.25,8.65
31697,10.71046512,13.28777778,15.41574074,14.02146341,11.26344828,7.465813953,7.034545455,5.689166667,5.4496,8.933181818
31717,10.33170732,13.48108108,14.95952381,12.80526316,10.1025,7.5,6.55,5.476666667,5.416216216,8.036842105
31877,8.946153846,11.772,13.57666667,12.16296296,10.06923077,6.731034483,6.372916667,5.343043478,5.394736842,7.604761905
31959,9.36,11.50526316,13.34388889,12.26666667,9.838461538,7.019811321,6.81,6.281304348,6.389487179,8.371428571
32017,10.01666667,12.9516129,13.38627451,11.61555556,9.231578947,6.630555556,5.691428571,4.985294118,4.5,7.142857143
32037,9.496666667,12.37352941,13.06041667,11.31,9.1375,7.172972973,6.573529412,6.102857143,6.258823529,7.566666667
32057,9.91,12.428,13.6,11.63157895,8.346666667,7.063333333,5.06,4.2,5.28,6.626666667
32097,9.804222222,12.2797619,14.2,13.04,10.184,7.483269231,6.079166667,5.434615385,5.568378378,7.896
32117,9.844516129,12.67965517,16.32071429,15.02689655,12.03636364,7.276136364,8.152647059,7.2078125,6.962432432,9.904857143
32137,8.677272727,9.592,13.2375,13.1,12.31333333,8,9.98,8.652,7.623076923,11.35517241
32157,11.21962963,13.39214286,15.805,14.21405405,10.99022222,7.159777778,6.50475,5.680571429,5.0190625,8.706046512
32197,9.977142857,13.02571429,14.86153846,12.93,10.41923077,7.465853659,6.494444444,5.780952381,5.868,8.113636364
32217,10.494,12.433,15.2275,14.791,7.754615385,5.910833333,4.803,6.9475,5.13,4.15
32277,10.59333333,12.83142857,14.20702703,12.66060606,9.834285714,7.4788,6.208823529,5.621176471,6.1125,7.78
32297,10.92111111,12.8837931,14.24710526,12.78285714,9.917142857,8.0468,6.353793103,5.672,6.153636364,7.819354839
32317,11.088,14.36,15.57333333,13.54615385,11.12857143,8.010344828,7.343243243,6.264864865,6.137037037,8.947058824
32337,10.44941176,13.79766667,15.63969697,13.29545455,10.79090909,7.272195122,6.989285714,5.689333333,5.66,8.55862069
32437,9.717241379,10.11875,12.48333333,12.96,9.976666667,7.459615385,6.634285714,5.5875,5.764444444,7.867647059
32457,10.74571429,12.78965517,15.28666667,13.83095238,11.25333333,7.771428571,7.105714286,5.608823529,5.845454545,8.738636364
32577,12.62,14.4875,16.30384615,14.27241379,11.67333333,7.75625,7.239285714,6.009615385,5.517391304,8.935714286
32597,10.40857143,13.14,14.62631579,13.25172414,10.485,7.454761905,6.922222222,6.104347826,5.982352941,8.522222222
32677,8.859259259,11.132,13.30444444,12.2,10.03902439,6.626315789,6.771794872,6.113513514,5.760606061,8.084615385
32717,10.59627907,12.31111111,13.71047619,12.01314286,9.368666667,7.053333333,5.624074074,4.951666667,5.27,6.956785714
32757,11.0735,13.57333333,15.33173913,14.03484848,11.35,7.770344828,6.977,5.210333333,5.112413793,9.0628125
32857,5.775333333,8.942666667,8.933333333,10.42136364,9.992692308,6.4784375,7.49862069,6.357,6.285333333,8.401333333
32877,11.85454545,14.53809524,16.03461538,13.90769231,11.16,8.3,6.534210526,5.617647059,5.848571429,8.589189189
32897,8.986071429,11.15136364,12.49625,11.3236,8.778518519,6.363030303,5.470333333,4.957,5.206,6.948
32977,11.1575,14.393,15.30828571,13.61485714,10.99914286,8.05,6.634615385,5.708,5.975862069,8.782424242
33017,10.596,12.41304348,14.805,13.19285714,10.24,7.344827586,5.87826087,5.475,5.545,7.895238095
33077,10.63888889,12.88333333,15.26111111,12.64482759,9.525925926,8.071052632,6.224,4.86,4.725,7.788888889
33157,9.751851852,12.1375,12.66944444,11.13939394,8.52,6.72,4.736,4.52,4.780769231,6.57
33177,10.12142857,12.52,13.41276596,11.85897436,9.102941176,6.906666667,5.66,5.028571429,5.536842105,6.953333333
33218,10.125,13.71304348,14.03947368,12.23243243,9.375,7.131034483,5.967741935,5.423333333,5.646428571,7.4425
33337,12.9068,15.13083333,15.18121212,14.65866667,12.16666667,8.838,8.21,8.030625,7.16173913,9.614827586
33357,10.5,13.10454545,14.72142857,12.075,9.293333333,7.213333333,5.152631579,4.494736842,4.866666667,7.305882353
33417,9.899714286,12.31257143,13.55,11.3804,9.151904762,7.123243243,5.785333333,5.068666667,5.7085,7.232
33537,9.74,13.16551724,14.03409091,12.255,9.515,7.116,5.788571429,5.220588235,5.588461538,7.425
33557,9.438235294,11.404,13.12666667,12.70526316,10.58333333,7.09047619,6.705263158,6.0375,5.993333333,8.273333333
33577,12.94210526,15.6037037,16.57179487,13.75142857,10.57878788,9.229166667,5.586206897,3.98,4.9,7.915151515
33617,9.663333333,12.62333333,14.30833333,12.97666667,10.332,7.332258065,6.530434783,5.91,6.17,8.479166667
33697,10.46857143,13.58285714,14.80952381,13.15428571,10.43714286,7.54375,6.848,6.065,5.78,8.313333333
33797,11.99034483,15.44727273,16.78583333,14.66310345,11.64607143,7.452121212,7.635833333,6.1584,5.619259259,9.529375
33837,9.861111111,12.57333333,14.04444444,12.14,9.75,6.4,7.56,6.986666667,6.8,9.44
33957,9.717647059,11.74,13.16944444,12.47916667,9.84,7.344444444,7.22,6.313333333,6.172,8.47
34017,9.79,11.76333333,13.35862069,12.5175,10.368,7.176470588,6.956,6.245833333,6.06,8.352
34117,11.07285714,12.72111111,16.18275862,14.24736842,11.395,7.4771875,6.493333333,5.792666667,6.964545455,8.8305
34257,9.861111111,12.57333333,14.04444444,12.14,9.44,6.933333333,5.893333333,5.553333333,5.426666667,7.463157895
34397,10.26,12.435,14.11666667,12.646875,10.64,7.842857143,6.893333333,5.866666667,5.811538462,8.797142857
34597,8.56,10.42,12.9,12.26,11.28,7.225,7.2,6.325925926,5.958974359,8.75
34857,9.555555556,11.91052632,13.43888889,12.74166667,10.24,7.2,7.044444444,6.5,6.32,8.52
34897,10.20434783,13.23666667,14.42222222,11.30964286,9.508333333,6.827272727,5.785,5.29,5.373333333,7.263157895
34917,9.13,11.41538462,13.62222222,12.68,10.51333333,8.166666667,7.35,5.276744186,6,8.154545455
35197,10.44444444,12.16,13.7125,11.96,9.293333333,7.55,5.7,4.7,4.583333333,7.461538462
