"","s1","s2","s3","s4","s5","sp","w1","w2","w3","w4"
"10041",152.746625195405,168.669539039628,170.775339054496,168.060599425912,151.602860115741,94.2446731456269,85.6753905854734,55.8053930205929,49.4147043856725,118.373831290972
"10054",158.112640336086,169.532715885552,170.736823700162,167.330184738321,149.778406973913,112.746191069831,84.7105827165486,59.1168530473007,64.6792538382693,121.480515837862
"10078",144.373289131767,167.029995180107,170.020975048459,167.626701462446,146.475266889114,93.0681922810939,101.012581026683,75.7099394937177,66.5257114459408,118.631649018032
"10080",144.40855625826,161.605027960304,169.146743239451,165.270912475594,149.336904741618,108.311057348873,95.9713568366562,73.5917085903363,73.6915600740686,132.819168664012
"10086",155.700314002284,168.638522432751,170.660347404475,166.633130395535,154.359066933038,104.060181318132,100.909149916203,78.4995284676566,67.6185821571385,128.823212791218
"10087",148.141489589878,166.973279060656,170.409132572031,165.918822312824,149.900693364292,104.481717201087,103.173302050535,69.0792286154832,55.2677020389267,121.972361307327
"10090",147.794464076825,163.002883006737,165.438118121527,159.066331089098,157.590157264514,128.4825366778,112.230187733291,110.613551009974,107.121400338139,139.800502601099
"10091",145.144124458528,166.04981539899,170.387192655984,164.174554027247,147.081968875521,93.6391737756192,81.2021438082712,60.4049925391358,59.8333070339414,114.213108728546
"10110",158.379354156961,170.152430093048,170.772454148303,167.801905916731,150.926773934402,107.246533691136,82.8519847833327,57.9124481384505,61.8310746980834,122.108113021757
"10113",161.639125942741,170.4831033036,170.798046892682,168.63472833787,149.938373300752,112.670989668324,88.8138823444812,59.8472610114576,69.3578717387169,123.609646453118
"10126",163.676138618575,170.424529700005,170.559401968451,166.755700417428,147.19784380265,118.954353786347,73.6416369332513,43.1456057226135,58.5707555961085,114.925947283374
"10136",164.414939345451,170.74930239639,170.807276320732,166.212219733879,140.480903094135,111.776207767384,70.1854050751924,41.6374139127114,61.6581764433224,106.942323036212
"10137",156.140110372237,167.988115891537,168.158955598965,167.603358570519,159.042977060877,124.851403300106,118.77997211051,103.770494339868,105.458151492617,139.443085108774
"10149",157.354998092894,167.226513528937,170.622397808967,168.387892572866,153.258056038525,115.516701800573,99.0451819153116,73.2254102160806,67.6545893881479,127.383730733319
"10156",151.497353607095,169.551852475001,170.619681578328,164.500981821162,143.886895434276,103.065470877636,85.3107498308254,66.8090000809366,63.1008271416403,117.596409091259
"10181",136.888172523319,164.649238966875,169.819045271855,162.3487730004,144.661682049222,93.4759007712502,83.2891843984501,62.6669560208158,63.4419233780991,111.510057664123
"10183",152.802139904355,167.998073728214,170.236129884064,164.445836685357,146.297084946196,106.147354003582,90.5236807290863,71.344410066876,64.9289046944514,122.158012376674
"10194",143.363553403429,164.384492413272,169.436517981585,164.31287474184,144.699275402395,90.442820635043,80.3527820655725,56.8639392808356,59.9974531340088,113.079829852954
"10197",152.319783207827,167.831314325897,170.090051509848,163.642457002344,146.545215151049,109.791997771187,96.9411879022065,74.6319700991754,68.2147050441181,119.910772853371
"10206",142.344757928822,161.762285956368,168.597717778676,161.713706418989,138.88710962529,88.3571760171921,55.7598822946206,47.7735922748549,59.700165531239,94.5141523134066
"10212",141.490040472174,160.562621973189,168.538714130028,164.237196152377,144.267325406538,103.175903067354,82.0647556296067,72.2488967016166,72.5587227969389,114.354580493064
"10213",145.108228003232,163.985064223846,169.635403874052,162.546323453108,143.221404917646,114.389398225571,87.1322599720486,70.6876046172128,69.5114804345841,111.692481157204
"10216",138.827478433944,162.526701070097,169.694473801877,163.266608699854,141.072454551072,90.425017161834,80.5721883835141,61.3021537133885,60.5071357079794,105.955517021066
"10223",137.274434074589,156.836239652598,167.433920524428,162.834894156923,141.027397786886,91.2679472944201,84.791967193253,67.6815938679888,77.4261073811262,114.802199345879
"10224",134.708171624834,158.443906292506,168.028873458472,162.996232889181,138.825605162431,97.2315779472856,71.6406440546865,59.1619781115096,61.9869122525823,105.679742296329
"10229",145.378176195326,167.360361902485,169.670420703697,164.223630296336,138.141485794315,99.4053011848854,70.2493433402068,61.9429885403323,65.7403872490451,101.501993892439
"10232",125.421054902714,150.273182570952,164.575532313857,160.045438444763,139.94761078762,88.2705763944056,90.0020505382231,75.664131931283,72.4997048824989,111.980514149794
"10238",150.787077605124,167.40990877899,169.740467586026,162.400650289665,136.964188579011,110.682748468475,75.1500812059596,67.8706020206024,70.4580771039094,98.846782166673
"10240",131.638696453231,152.3862509966,162.816394326686,156.374582946124,135.37839856348,91.2500439721252,84.7796158181541,67.1445951133311,71.9746700907346,111.770857131127
"10256",142.586200909941,163.655559816073,166.776590868713,151.355649433522,115.377531254543,96.9600650420885,38.7904688414251,22.2018451365306,30.913762452825,79.3343487819995
"10264",137.746178568095,157.032266258906,161.503561265051,154.269461671561,129.217391828401,75.8827525781245,60.3105597904444,45.3523341075227,41.5081730508064,99.7566562113049
"10291",144.315520860558,165.002365581273,170.8061035384,167.74336096701,151.15352362229,99.0675569855201,81.6869175654551,56.3478500539737,57.2704236228789,121.344059573687
"10292",150.494331784281,164.422475772968,170.752311923433,166.707748440173,147.472421939081,95.9958194930772,72.1544830458145,55.4464507076116,60.1756587059595,112.496238988577
"10298",158.530114071862,168.346277637892,170.311255279802,166.06666098576,146.363498100697,124.876751487269,81.0783924486915,56.3090239642222,79.6299635167064,119.162370013744
"10300",153.210757026106,166.395527052236,170.505722435401,168.14859790953,152.933348729169,107.269736651449,94.5992994629283,64.9231296471355,64.672471729429,127.474696429277
"10303",160.754071263325,169.325907434924,170.763136967746,166.464456410665,150.073346906768,111.821472626459,89.6235376234183,69.9819640396726,72.9477303178616,119.988944153579
"10309",149.572868478304,161.945199590028,168.929468619278,164.663036812172,148.381478641653,102.592791387503,93.3827587188756,72.187969476093,71.1693327640605,124.510168815501
"10311",153.034549724778,167.78233604853,170.462800113983,161.472251681771,145.332741494037,114.122765877125,105.562116020185,90.442820635043,84.7984398981635,122.63853703495
"10318",133.05860611206,163.388027034088,169.684929179247,163.743106385492,143.883839507576,92.3132007495292,80.9739528588614,57.7721219653179,58.5707555961085,119.765429908013
"10319",128.668411567959,163.878245542198,168.922147574767,166.088256386535,147.505247084891,92.7885142566958,83.159602480199,50.9166194920198,49.717073954915,110.225323001185
"10324",164.729938996095,170.788945773552,170.8119049782,168.182635189045,151.752071463045,112.038686411245,81.8241783887304,68.5448709958176,66.7813828354384,115.446579938656
"10328",162.623769407455,165.5297559471,169.16039498792,161.011835270431,145.969664909508,112.236125900415,77.4408582933636,55.610149719447,53.6173544918967,119.57080042101
"10331",157.415953229598,168.42557779432,170.817273188369,167.421353929542,148.636593757754,113.764367970066,76.6673022971888,57.0648287720361,66.0293359212409,119.472631834679
"10332",156.981176731076,168.180219564505,170.819558633856,167.029117913739,145.651630585396,115.285176423242,68.6573788909117,56.2872819972399,69.1579864092422,114.038461599337
"10338",165.438118121527,170.614616379939,170.774553436686,162.019290927752,135.827255206209,127.672335062391,46.4958713731118,35.051744787338,59.198832236441,109.914628255132
"10375",131.516484019729,152.759696340554,164.985226139028,157.04746742193,133.680607980752,93.5450605432954,80.6212114760498,71.3091164448535,71.4100504749204,105.731491891028
"10398",139.314380775171,165.553129889771,166.710991986313,153.967236995734,125.545794638291,83.5312857548165,61.9237158083904,45.6339011457118,49.8834742425178,89.1896686763565
"10409",123.256256027111,151.851282988047,162.809761438941,156.811620495841,135.465900286939,80.4767006499549,77.3407467244589,58.8643392446963,54.2102684572194,106.505414015205
"10410",143.886895434276,162.023518892126,164.599840649849,149.615795153686,115.929444033731,95.3525836802489,54.9666296613832,39.0209898512174,45.9834380747474,85.6753905854734
"10421",103.646583084397,120.265941461868,144.418046687715,139.969895694919,116.185131469557,75.6715868069574,73.7359318127425,58.6651326875937,51.7732396715096,92.012699623593
"10425",138.902825939763,155.97486881918,160.970830012877,153.852482783985,130.897840002511,89.3347109308351,79.6884932217302,60.3409130034359,55.2812594047793,100.21715709814
"10582",148.812348851434,167.611475142051,170.729370638694,167.407937866543,147.773409070297,104.94600214952,73.2492041418752,40.940489741429,51.08481628301,114.962317231126
"10858",143.068897235514,158.987623787566,166.253271399884,158.266266043407,136.321909095763,89.4972221371773,70.1351634529149,65.0444011186516,67.4673360630584,100.826886995255
"10875",134.868054719392,156.942287458464,160.257067960488,152.674636197852,127.907096943979,64.7159354104674,58.3685347059354,51.9186625121774,46.4379054704013,92.6018439492595
"10876",122.946327588285,154.628512632603,162.772178816792,157.363635551607,135.970907606957,76.794763121634,77.1028560480232,67.2051174296588,62.5792155131657,102.689699569314
"10877",111.584237589889,144.432052762926,162.908272340851,156.556114721738,131.413457790371,73.2254102160806,69.0523907031215,57.8833006033334,59.8711822432387,99.9968305864552
"10880",125.099745469183,137.25888954084,162.978685274007,151.806163690819,127.138304616327,76.6914338768027,59.5416817407746,53.8076152421086,46.4049494691399,88.6427241577024
"10898",131.339660375795,156.142901895984,165.366808594965,155.38495228478,122.804044228937,83.1873750403688,53.4971636798557,40.2203510005781,34.8531677558101,79.3561937073419
"11435",138.508597075502,123.403220698782,170.605415582953,168.135849237706,153.967236995734,98.7949367435235,87.4984226310348,57.3072867731115,58.0147039330937,124.078355092962
"11438",157.630058707992,169.431843925182,170.818030770043,166.627832338431,143.733852978218,115.348733706838,58.5201983275049,32.2668684136498,47.4424053625981,107.730566527817
"11486",129.384345150046,140.328016159198,141.849573834533,151.876864655519,129.76240736732,73.4091679267946,51.7180901788708,31.3084459448045,39.2091552789598,103.500670862862
"11488",158.424061438378,169.710958315625,170.786096098348,167.239993482589,151.957483835155,107.677909476152,89.4186238115443,64.4736301920078,63.634352481958,124.973522831188
"11492",158.433616825203,170.003464953184,170.011236373254,162.727699831077,147.383191058846,116.000830505519,72.0228486191734,50.4851493983861,67.0638927963337,113.605474913306
"11511",152.489547083984,164.479012466714,170.744753009378,168.057615668461,151.538966167778,103.442265372141,86.1188239117437,67.257567006529,61.492382887885,125.406359925533
"11513",156.094558858159,168.553457052262,170.753122935691,166.44548679366,148.297942357641,114.913326325137,81.6326344061153,68.0458770030581,65.9334013776143,122.44359469162
"11530",148.602593422621,160.742285151546,167.965640681653,167.234622340184,158.487878034573,105.764338764283,97.1235820161848,61.7034057070334,62.9150403302201,138.733644610896
"11533",153.304191038835,168.475698455006,170.800157188161,165.029046758127,143.223212653212,114.133262314496,78.1501177456042,47.9881315083374,50.4284016915318,122.211382602033
"11534",147.747042051115,164.274880745135,170.746281886449,168.186040247944,152.823340068862,105.00741399174,84.5370356274357,65.0444011186516,60.5938622207086,124.099702672456
"11543",153.085626375304,166.266228555699,170.439876048564,167.926075411769,151.396259695386,101.495032338244,88.4904759454515,68.7940263578431,66.9214607476194,124.818159610737
"11552",150.938912674655,166.959459656907,170.740942824801,167.479276017886,147.668973225346,115.858625942068,94.7114959942275,71.2228341659211,81.7954545763428,121.582726733673
"11559",148.413560266636,161.953987297337,168.333821977067,163.845420176494,148.123871601287,108.590889723809,85.72931334123,53.7580745747807,69.6273367022895,121.637841392323
"11571",135.26147803049,153.053908734501,170.272947356872,165.280544146697,149.980923721906,106.826591178575,84.2394797820791,62.0544342543774,63.1192597547636,124.209669755713
"11575",151.693174936858,167.287141886155,167.527554949647,163.351067543352,149.640565210302,110.719637768204,92.6703099544083,68.7043361030924,71.4349466045227,127.543600858364
"11605",149.80852782345,168.557659793299,170.78061981719,167.646119104163,151.743190737299,100.730859442304,82.000995819595,59.3798344551978,58.71351259175,124.320440537686
"11611",150.869081046657,167.622698399986,170.49198450056,168.03494407853,151.215431160784,84.653718432068,89.0870569088189,65.2008656779142,56.0786864715336,121.54866894917
"11633",123.059923793008,156.589454383635,166.622000180223,165.67222356145,142.973108047883,92.5084435687365,89.5168275366527,71.9913660933707,70.2664317640427,119.490136992198
"11640",144.323869646415,164.219829063626,170.470410295349,167.370054379342,149.837040303958,98.696322048352,84.626518151459,60.172960727945,54.0421756348123,123.186556054822
"11643",134.212146278443,147.864567110511,165.059455436728,164.706043388077,150.91189785935,101.273591849129,91.5872876464587,67.4461065240655,66.6602831048269,123.361255683909
"11644",110.138636876541,134.149688363978,168.265527596107,161.12778504605,143.638052365814,92.2903408389868,117.046304633462,87.4945989612183,76.4647121750139,141.213019691846
"11649",140.87153630246,166.656265822058,168.723374056554,161.307271222109,138.223209835366,103.675748123517,80.7332357530439,59.5532426082549,65.4346310126039,112.060651354609
"11651",153.81721912442,164.927890471627,168.307738490804,162.246136609492,145.883787002571,114.762133452754,89.3708347753377,78.7334248821247,74.3699888667221,123.091187453612
"11652",143.391195698312,160.54998882996,168.626395460405,164.095342394467,145.83128209838,108.858578186787,97.5787361157704,74.5892661916042,70.6145822803923,128.62248436725
"11657",133.826779945501,155.257063166301,168.788558985696,167.373507015471,153.853657519936,100.068957868181,88.5928921143811,72.6349596587266,75.939518194364,119.639289829361
"11665",145.108228003232,162.402188601779,168.562811925453,163.337083869597,146.216578237335,106.462532887436,86.6034810215563,69.7925050791307,68.4009268183696,118.373831290972
"11667",146.598431296155,163.889034780427,169.942904126472,164.837818959291,149.550908832755,107.663908483995,103.343372573774,79.206371578913,75.0125646147685,123.754940090034
"11677",143.561854250771,157.194634453032,168.271875045716,164.906514356328,153.514878995977,106.104665365185,60.6516804427114,58.956871017453,58.00459559434,136.116286362368
"11684",157.015153401764,165.757022375679,168.326233061267,166.852308396064,162.801984115131,146.843681105024,154.807525517661,149.11266780631,139.098909275006,160.810194438832
"11687",153.393507878084,164.136868278257,168.889680630253,163.021003560211,136.690291467426,113.734480892956,82.6082191892029,64.963554557699,56.3190076858635,109.672883946069
"11688",146.576064463432,164.799155163499,170.036644315218,165.409087170472,144.379168916575,104.445382531142,80.8694782395293,53.7900046533139,63.0589344156837,106.722470527465
"11689",154.960956988352,167.745268515727,170.641423345014,168.112604448712,161.954883720523,117.233850138453,126.291108748459,103.243513562976,100.859986427552,147.832034601876
"11690",133.125012058703,158.157442118946,169.444245052643,163.645753108532,141.762761567284,106.925208509498,94.4143597443181,69.2301736100872,73.6138996038024,119.440418649721
"11700",151.497353607095,169.551852475001,170.619681578328,164.500981821162,143.886895434276,103.065470877636,85.3107498308254,66.8090000809366,63.1008271416403,117.596409091259
"11714",147.685309300762,164.512635625974,170.454426695003,165.400431351986,148.104482680263,98.6100514994605,89.6487920679761,65.6602230864317,64.2357516007396,119.931103467984
"11719",148.091551460153,164.37592178162,170.384883060655,164.671872481741,143.058433850328,108.828845499368,90.4683203405284,71.3899944725544,66.5434192149172,118.71354293113
"11728",160.089908878588,164.580651104536,167.747960398925,170.096931540084,166.391035891233,142.147207864269,160.658250723023,150.854797001388,133.723389809173,165.855010431969
"11736",150.654200055434,167.001867086748,170.612166743323,164.942827990079,144.975160478501,98.8112310855007,87.9412033127769,61.5768003141559,60.5360444247164,116.675014101642
"11737",136.988802678358,151.579268254186,159.421637488334,158.805983699331,135.967810715267,105.145793776749,96.3996530780402,79.9061328668426,82.3158827164109,115.695850639092
"11738",141.482715449155,160.810194438832,169.889723049264,166.455220501828,147.047796287585,93.1799530222602,94.0403744592755,65.1117698712129,65.4346310126039,123.689278341899
"11740",144.664019345053,166.137489128151,170.55504996936,166.858303779638,150.501909605652,102.92656739189,88.8588116531841,60.6444531403787,67.5278375248897,120.750897942394
"11749",150.02790288658,164.260071700599,169.395312034163,167.482003252945,154.75000122226,127.309792950273,95.2824353377572,92.9523374752075,89.1283922908641,131.06314115048
"11754",145.073500758191,161.884807839066,168.439320601084,164.705290361328,141.304558185333,99.0571985409265,84.157673674748,61.8080785275973,60.1039496470509,114.673937240902
"11756",136.444951555697,158.659609470136,170.236629281284,162.75924376434,144.389569626486,96.7029984667927,79.1275923935898,60.4882822562432,63.4267519809856,119.287501787429
"11758",148.633502459433,164.419066561151,169.552314171374,164.740897375358,148.026831492017,109.151405521351,97.3618110878082,73.4918363718778,71.8911824239955,122.109021400891
"11763",148.639114191521,165.699719896703,170.314931077807,166.850508807776,151.25408247493,100.726981334829,98.2743153173209,71.2576074518624,67.5914372808327,129.952225524269
"11770",142.461022847244,161.817987993665,169.342072780537,165.335266180758,150.500466349877,95.7936051808285,102.915575634914,66.8621080696873,57.7444384587488,131.527662758986
"11772",137.734248503613,159.511931260562,170.1496806366,168.260904549052,150.740411947035,91.9846024850548,91.3056225265736,67.0794129970582,56.7462667405962,127.609362647304
"11775",139.781725202599,166.774154829541,170.437235557673,165.436864252492,147.015884620555,95.0320412181945,90.6702610050508,73.2520593335549,62.3199296373264,119.755404999276
"11776",133.825953467832,166.124037214681,170.584185158616,165.537071515283,144.857589804916,90.2082364332677,92.0679762671124,68.6094266966687,57.8159186354526,118.626499163663
"11783",142.047443990842,165.629034714357,170.253320378006,166.157408225709,148.007394813326,99.8364041660989,91.4625469543762,74.5394398120644,60.6505240714989,118.510557217945
"11791",141.589823389461,162.860542038158,169.518763017871,164.929883389374,147.347443840483,97.3122902308132,85.6295289394488,64.5438548686447,60.8733202415947,117.172232961868
"11793",146.843681105024,166.508541232256,170.481274841653,165.823606171467,149.775829769875,103.90437969074,96.5758330186435,71.4735565480194,63.9090771240745,118.998809569287
"11800",145.880580096838,168.422301629128,170.23604888495,164.463608405621,145.591582165904,105.706851640003,84.9596304950778,62.1228649785605,59.2434007063754,114.867730296896
"11803",152.772435463477,167.992599292662,170.271195985036,166.190978875841,149.988098972855,105.131797879773,94.1000362223193,69.463928027181,62.936318316687,127.182983771039
"11807",143.532229039564,166.187655880414,170.251749276151,165.597664864373,148.051807483313,91.3112073286571,88.1030587747083,61.8620427774517,49.0355614521426,119.645734632205
"11809",129.60019697482,162.505539776779,169.302100642887,163.508517569064,143.912354213339,97.8733927430742,90.5157185841828,71.3411372052041,64.5006971017085,116.023795342002
"11813",147.587193302311,166.571088719912,169.74329147043,166.616260064974,151.547786407454,95.5254491553888,89.8027002470478,67.2224088209323,62.2296642711387,122.688390628236
"11814",151.449652816205,166.292081600181,170.574758563532,165.940052825141,148.959418785022,106.598925904467,91.20239058814,65.787449007765,69.4816783850079,123.200447009073
"11833",138.737405719631,159.876651716096,168.532062912103,163.684422337785,143.467282843135,91.9881148384414,79.2250271267503,56.6536277022502,56.4781158928935,113.207598103485
"11854",155.766017699162,168.943855198128,170.82199153303,167.89177888162,149.169302161411,105.113874289621,77.0582851548525,45.5050486260649,53.1236745473982,114.449120095376
"11856",157.573013586004,169.943509389025,170.814467388307,167.607916625701,149.714436824092,104.880612536711,75.6840113030206,41.5580974033643,50.9356863439881,114.521432469943
"11857",156.102003433272,169.529586175612,170.808671755257,168.140867644773,152.933571059469,106.017862700323,80.6624881938484,45.4015875775379,58.2703212445347,125.695728364739
"11858",157.263949056979,169.929846047922,170.816851005367,168.637224855937,149.667419558165,89.7056040279325,64.6704501346234,38.5403507831403,43.5266890342486,110.740844077924
"11861",155.080867845923,169.990868206403,170.812547097556,167.693864658857,146.801784692163,105.806207232502,67.4444177915274,38.2249167230031,46.9809897366742,108.601418040778
"11864",160.35819572432,168.870197409429,170.786642047253,164.830278439,148.127213577031,106.476828092464,78.7860065397547,42.2744439760275,49.2486314823709,111.699537101675
"11879",149.656291050054,169.051621006534,169.221533690253,156.966600601678,135.619976111892,109.586081628654,74.6667628616287,76.8749947994313,93.2544249990882,111.386322265551
"11888",151.767535477368,166.598725189442,170.685431956659,169.24219298224,152.167797883265,120.331034090515,87.8453151349914,55.4621391382566,63.8312897382635,121.967840141041
"11893",154.88203694476,169.661617914234,170.802197742561,167.896110952228,149.65550127368,108.778908433892,77.405288591149,63.4672088377952,63.4024775582234,119.759341035377
"11907",135.486360729317,160.700926649711,166.356356970405,161.96778649191,139.277169793552,74.7774489549334,84.0192689415827,54.7574946342895,47.3400798275896,118.459844147463
"11908",149.93364341986,161.005771578267,168.040181066051,157.804434203394,151.640489736274,113.273362635002,106.77634862933,86.0978228143626,91.6450516987268,138.853697806032
"11913",154.054049326367,167.881128993906,170.695075386042,168.722705667341,151.833801115961,117.556199147606,85.1711684486255,53.7271135384995,60.9152678892477,132.297000300259
"11920",157.363379531979,169.202463174882,170.762909390368,168.009140609278,150.06795508549,113.091555713623,84.4688254733139,50.3053210662341,60.9188751843334,122.109021400891
"11925",148.878034953535,163.828974775959,170.592928606512,167.211745393989,153.050197545416,103.74166504385,82.4783281105105,56.549768925957,63.9868616196648,120.607184133408
"11930",163.510818904075,169.830893565038,170.816052291832,167.30991219769,147.131669556999,111.477990385434,70.2412245528945,45.2917266467312,59.2138470242707,115.397815842701
"11939",161.637068390864,170.787567638816,170.554981369513,168.74603060951,149.426223413839,123.403220698782,81.050421008429,59.1455986928428,69.9897054913437,118.888803661834
"11964",150.102964111321,166.040510635478,170.811729818643,168.538095849972,148.919050092577,103.378357859033,80.3858317193921,52.5342306721916,55.9508594497972,121.456650433737
"11966",157.099884934333,170.601232347713,170.663331763441,162.409021745395,147.146525653252,115.076544327408,80.0230838582707,60.2180558024905,75.8827525781245,115.061320927495
"11971",160.293161000434,169.470153454096,170.741797640298,164.934840794531,150.509879224889,116.023795342002,93.5405924919544,63.6672964328661,73.6810503681749,124.00189745562
"11972",159.088873210713,167.781403831871,170.03914738563,165.565155735283,157.414082987299,95.5739745788298,117.968832763038,71.8045224294318,46.79050662536,138.768945287443
"12003",161.57934993165,169.081558373284,170.711468961869,168.07347262447,148.477644191358,110.040022561469,83.4996274499008,59.2520668973529,65.1580840907892,120.41775546157
"12007",162.757460140378,170.259343748015,169.42196747611,158.777873413998,139.299975303279,115.611550264158,81.9456717262972,52.9661171467462,66.5257114459408,118.783684241589
"12011",159.081402118232,169.889723049264,170.821042230364,167.911036164165,146.910318014557,104.007565379862,46.1414335898914,26.7260921618506,51.7180901788708,110.890105854686
"12018",166.733564779152,170.672250161227,169.423790721553,163.358504432377,128.16169991525,124.242754611205,85.583659042087,40.2845386970241,56.2080830395902,90.0994404414503
"12019",157.203573095022,168.162583253188,170.729295138824,165.005927040865,145.978554417273,111.414349005219,63.2244583106804,58.7091295357731,61.0756902799194,112.352156736006
"12022",167.492524580034,170.818209820171,170.811288024355,163.325419490001,136.717490145833,123.786971403007,63.2019803126618,44.2944172174352,54.5219539833046,102.367410516444
"12033",131.428287920911,160.577280696827,170.571775817948,156.138053296102,142.196568044906,59.8778526274516,62.6790765965987,52.7673785699031,46.2566927584702,97.6206902396187
"12035",161.917434587962,170.699556377035,170.752752980926,165.822347716294,144.442581651392,117.714844793517,78.3585519873639,52.2926636312475,64.3312371909257,106.443660910696
"12036",166.974634829589,170.767704804109,170.81539796273,164.786705459701,139.482365150391,128.62248436725,73.26502325932,49.6863613555334,72.6521114123516,108.612631760104
"12040",167.463433875807,170.817747858324,170.822191120746,168.140867644773,148.855963454783,116.681920420672,80.4087234916677,62.1824479757932,62.8198287780326,108.113375109797
"12047",164.857901085671,170.557296547475,170.817246520726,168.720064434359,155.190262093156,122.638194198284,96.5190725484354,69.4977716542383,88.5059432624777,129.140934237231
"12048",153.3570009916,169.212830785956,169.412972888587,168.430351175571,156.60425759875,126.426763458958,111.036819757411,92.5194340959355,83.8690735452836,137.135370253357
"12067",135.252966056461,155.175162483993,163.410234022125,148.515837319917,113.956461420574,83.647382199108,54.0290451044736,41.9867661695447,71.4275989048311,87.8113591272389
"12071",135.453655804158,157.340323497775,164.087591216846,161.298362101948,141.730055054651,94.3080627586019,83.5805248376833,66.5652931263576,58.5945477191355,114.119101786816
"12074",162.388605573457,170.424496697357,170.822236844803,164.689925498906,140.335066688727,115.118304980309,66.0265309252121,50.2344144790709,59.3011620369296,107.05397232767
"12078",168.979407053265,170.8148797828,170.691920011786,165.277811785448,142.099312302648,118.925991718571,88.7817085573767,66.7258805479223,63.6706728935813,109.800407389142
"12081",166.246403429095,170.819732053337,170.725974875529,166.945520086112,141.672104078961,116.227309960037,75.9631682072063,50.1254293036685,59.7153810486363,110.299365574834
"12085",165.881096436521,170.386963929181,170.592928606512,166.115252620344,126.484432431378,122.198636799157,73.8113542774751,49.6372260980651,74.140631219981,92.4550524430362
"12086",161.188794648373,169.8425623961,170.801567480183,168.2514968363,154.142769978414,113.298156762357,81.3980192607725,53.3694496778419,63.2750331509941,122.697361334758
"12095",159.096076020911,165.723430899531,169.563343625212,164.220740047668,133.8003274746,118.050628077158,69.2373606891041,40.0535660180129,65.5062938743708,99.1172685727596
"12108",159.000626388295,169.679095252258,170.797584040001,165.914741204453,140.358628644515,119.10007950973,63.1233059233445,49.417726934737,63.4267519809856,105.660919481775
"12109",168.318500187286,170.797808739999,170.813641278521,166.919962864673,151.103916355738,122.665959921898,93.0474889097347,69.3207255339004,65.7718102171468,111.801112671999
"12114",163.663318081408,170.767306268335,170.205863994186,160.918785985979,128.143211365314,116.489968386946,43.4800539123723,32.0935602955838,68.7340962523714,84.0192689415827
"12115",163.663318081408,170.767306268335,168.403690732786,163.828974775959,86.6365632251553,116.489968386946,41.8314265540084,34.0290039756405,56.3190076858635,51.0501040181467
"12126",161.894259413558,168.328261751826,170.679926746209,168.918707755464,152.674636197852,107.165291614826,95.2298065913595,65.987260323976,67.7362003970216,110.225323001185
"12127",164.55415773758,169.39520956014,170.720674581774,168.020055138181,147.35497214923,116.813054366134,81.2927561618234,63.6918019343693,68.2262690705078,112.024245168089
"12128",163.709235085832,170.468189202905,170.626370607355,167.536291508501,152.418070092567,110.783126719708,84.2591256030695,67.3328741329012,71.6553847055635,111.221143239847
"12134",162.599021994035,170.336251118909,170.761553879538,168.25878186982,150.106795179979,112.599061140159,90.9329025644857,67.8706020206024,73.4213259268463,117.648422103552
"12154",157.096863950859,168.936729384524,170.37742788073,167.678852228029,147.223024942362,96.0306588607054,104.979907015927,84.8123094070947,69.6946474377549,128.440642388238
"12156",137.41531449807,154.803498267864,161.110171811109,157.999533967164,152.072742294042,112.121093151479,100.579154563073,94.0638018312402,83.4799461415201,123.696417873331
"12178",154.152555098607,169.803058466857,170.535529635891,165.395395349513,147.587193302311,108.774958498649,90.4186258117822,64.6401259134105,65.7116778901461,121.590293439512
"12179",149.146389030802,165.619489706595,169.378932875784,164.98578459667,151.224972593702,108.524401728523,100.211830629316,25.3646572249332,99.2073327816199,130.594259942145
"12192",147.541979539199,168.07646013153,170.601293267308,165.966145827799,150.035214994199,98.8768579413139,96.0353405981092,65.7987435450232,58.1326392270835,123.162606072894
"12209",141.744139572791,163.710953742867,169.379063709361,164.971708914771,156.29794705579,103.529030863264,100.021666736122,83.7283904448553,81.2691046173658,128.325383515975
"12212",137.862105952875,166.521091241259,170.236629281284,166.44548679366,145.419561286676,114.427685171336,104.779695410659,63.0221500815673,86.4446246562523,129.354017540597
"12213",155.531497627901,168.207550003856,170.127245652707,165.586164076987,148.742375568302,109.780137105119,94.4914399312982,75.5400358363767,67.6620389774612,121.897126528788
"12215",145.419561286676,164.720341330038,168.438565512785,163.917269433244,153.842646001102,114.936507542209,115.637154510885,101.07676873424,83.7422487959379,132.220251748771
"12224",145.563207632235,164.512282646627,169.684246496788,164.856647053426,149.081167409091,105.892616844054,97.7215382184578,80.0261013779601,66.6427312558273,121.582726733673
"12236",131.148576462849,155.220659430643,164.900093060772,165.161423584118,143.898098974228,97.9808751041243,94.2068338377179,75.8922140498992,81.0749575060733,113.79930285729
"12237",151.528182729581,167.341537268518,170.420567459607,164.377350657682,145.099038141537,103.778796551948,77.460525244825,56.9032166644014,72.0277919851918,113.096099157052
"12239",137.835731199293,163.334401960673,169.586860781816,161.743473826379,142.7895007236,98.3547789624257,70.7298767597764,52.9829574928987,60.3336860302288,102.087222136216
"12244",141.876942194999,164.541568343746,169.912204010343,162.243868108352,133.979500528058,101.424688958597,68.1124719943495,58.201499764251,60.6983083148536,103.05701684861
"12260",148.040708970753,164.670694806993,169.239956943985,163.939952531707,143.918497317233,98.2848127390193,81.3610726229886,64.3634587503959,59.559665320001,117.127106387505
"12265",130.870732083291,161.612357130319,169.456752263576,161.275890035119,138.680424648402,99.3257635274527,80.7519025996568,58.7729976340223,63.0895876773374,106.824378779425
"12268",138.181287007509,162.33461954484,169.638858761367,163.243011593818,141.691622789341,100.403472182291,77.8646962185555,63.8312897382635,67.3866612475157,113.249188888847
"12281",139.835830688992,161.062524961607,169.028046541267,163.342523695691,143.741516971998,96.2898763789028,85.6040466722752,67.6185821571385,65.5948717485392,124.322075643893
"12294",146.661400847021,165.287761782265,169.252651802609,163.478563283411,143.733852978218,96.0263931791418,87.4028124956568,68.8779206132517,71.6907607026729,113.350684347631
"12298",138.281464068247,164.839024968199,169.604767913111,162.877649335719,141.543834069071,97.0377730906711,96.7058233245139,60.8367011800208,57.4740030695242,114.552663980725
"12308",151.761277083241,167.782933548132,170.114956167154,164.815181326968,145.860542614954,99.4288200517764,90.5057144473986,72.8207399037746,65.3273286523938,119.880867111379
"12348",134.415278632801,158.242245642562,164.507889231463,158.780408757715,136.023531007465,90.442820635043,85.002645737393,72.1404944244667,72.1082238541071,110.497346414872
"12357",127.505557613251,153.178651077114,164.140386214292,158.11529820277,135.797686161696,87.2880298580911,82.4458462591663,70.0179180306947,62.0509149426643,110.025186562463
"12361",134.474646011319,153.980836982814,163.247689794101,157.849011071029,130.974180146888,92.1025446686031,87.5939944185722,67.0783044209115,65.0881001233705,108.800758287862
"12366",130.348363016795,152.000746351827,164.171052324957,157.533289199254,140.001675427469,87.7676627243439,78.6691476453991,67.2944528760925,70.3863325649409,113.738182736447
"12380",125.880036590349,151.465647619011,162.945426296493,159.3072851148,140.547653209362,87.7499473053874,86.8450223178832,74.9249872677729,70.2976958125047,108.121140045736
"12383",134.098385163921,160.45758118241,167.589654358503,160.977491005439,137.069957461368,91.0632780639644,77.7748319040031,62.9161737970421,63.0727284226613,105.318877819695
"12392",133.528080366152,159.854342818529,167.149793832972,161.883457182353,137.438673869465,86.0667120975532,75.5038199226598,57.0479931715057,54.339867513811,106.839631037955
"12394",130.666417440535,152.766582990482,164.905912518769,159.955100407176,137.774022206556,90.6122068482328,84.146142643074,76.3975572962621,69.0585841494545,107.672242579535
"12407",129.988326246304,149.131185211391,162.368771990682,153.680173004751,134.014347647534,86.5166191054754,80.8469166373604,65.3475355854629,73.8223683151126,106.676803292548
"12435",127.808370110524,151.342717714821,163.946511320758,162.017119365358,140.23914090536,90.7529178419855,86.8831213517259,71.0389028246309,70.6754348185964,112.465109645109
"12449",124.555652954693,150.447638499105,165.866041085621,164.59676456982,147.112468652545,86.2250841122635,91.4744407144479,77.1764834907946,71.7056092278996,116.45598679314
"12466",134.971116428637,159.574476344446,168.027125888895,163.098244208616,140.140132172687,91.3030236909808,81.6391488960055,67.5933762306291,62.3380675343168,112.660150706033
"12476",140.289725972349,160.328248756283,164.983796543707,161.434152527851,139.18692258091,88.0712745788037,75.1093401025986,64.5762836258483,56.4632275570455,109.556947421168
"12483",133.814972115549,162.157442787281,168.865947960915,162.544552597722,139.245520833577,89.7077078916461,75.5988073254343,59.7844685228933,58.3938111051292,97.2726724979926
"12590",148.220673006267,165.30152627633,168.028092693823,146.934523092058,91.7596866674092,96.7304982255712,42.6092529521029,25.9997883549818,35.3501629890681,65.5640194712787
"12594",119.907141924341,148.278639329667,164.167228601189,159.425229070732,132.673362522946,86.4926232839015,65.3934593181931,51.5263132409107,58.555199366843,99.1090784943181
"12599",122.758450547414,158.193551444015,166.284486266514,158.740581387189,130.825328641032,83.0169937030659,65.9151272584663,50.4334743657016,53.9610306555958,96.8716546569347
"12624",146.369411017277,158.694476122315,165.344891473399,157.328359574503,133.75902023125,82.4548071278048,63.4624492436424,49.8596986199124,46.4096572603762,105.03991534652
"12625",136.531956367267,157.14378287641,164.585896585206,159.504128142304,139.196378074689,75.3608545848113,63.4050783915335,48.8927634090457,45.4637023876162,106.930314928878
"12633",145.414118050549,163.677809917265,167.145962451384,156.727818405537,127.698167396058,90.7052118264448,60.6275894724996,38.3541443528152,50.6497675804815,88.3571760171921
"12652",141.538847571454,160.081511552695,164.63344877506,154.023433592999,120.339932215612,92.8817840096482,55.7423365982716,38.6604297533755,47.5533228503575,83.4025195634685
"12662",137.973132437592,160.779910161873,164.40428159067,153.84665363952,122.673752274766,88.3571760171921,68.8129710457461,50.0423305872627,46.2432185705786,94.3143575102205
"12678",137.431869867317,156.321478476834,164.424546044029,154.348884682183,132.005187971658,77.5212016691844,69.3079208963789,45.5099763109008,33.266335516389,99.0271553541517
"12695",113.739589418815,141.471481648612,147.978221879533,136.165698746678,109.62394602162,83.159602480199,61.3223908907924,46.6851907413686,58.8741260765623,81.4827622851043
"12705",129.535799597698,157.980021435876,165.835269013157,156.990889295572,123.120379870122,82.7705010057089,62.6174958905997,52.5961606691604,52.6547494155494,87.5939944185722
"12714",137.762000451108,159.406212462392,165.366808594965,152.188263490054,119.094049309134,82.2390589423389,61.6057102938769,45.4508498953123,49.0189542423889,91.9471336317351
"12723",141.144631486128,160.402103191346,164.188522277712,152.965310991538,116.234840064264,77.9964571810946,42.7066766329686,28.8124355768863,32.0329660976558,78.3037126645131
"12727",133.078760956288,157.111964898121,166.20449984448,158.638124544228,125.147727626671,86.7735706160477,77.8646962185555,68.6765589446683,63.0221500815673,98.9820803879603
"12730",137.744822231011,157.80855901292,166.413769168444,155.132849441647,128.98259984633,83.6667893800869,77.8844634018779,58.0074836816865,55.6181767094756,105.817698331666
"12744",130.476946719812,152.352102628739,163.325419490001,163.325419490001,133.979500528058,89.4972221371773,90.5861916623171,75.8430119779233,70.0225389337046,113.466568878416
"12784",124.159484705441,147.270197864591,165.2769333773,161.110171811109,142.235316852767,94.9225078464915,82.7954593146994,74.0408748590985,71.5905229581426,107.615560351219
"12789",136.853299650404,157.304413490218,166.149649638808,158.022161072754,134.980015186994,93.1980094224065,79.1651938255617,70.0346686480635,67.1372588237886,103.967078590783
"12794",139.42890532585,159.552588247633,165.568159820586,156.30436694286,127.2272127795,93.7665299402106,67.0935635395575,55.425319808795,60.9761110846074,90.5076795888897
"12832",161.801864059111,170.818287899809,170.343570000919,168.296951636415,148.15616521977,121.61589920794,58.9637008884523,26.1104278113057,53.0704583017189,110.100275581958
"12839",150.136601139837,164.674521775595,169.941594712075,164.879196835508,148.386063352087,115.128858616128,97.8825520885052,78.5230190781655,71.8322423615892,122.89832676663
"12844",150.180271804818,166.423751232228,170.127469320402,162.028740061481,138.808742912861,84.4204477299989,72.581726488201,55.2838784636292,45.7466078253492,106.928452602304
"12855",130.477320182237,158.057893393544,168.838517217095,163.150993747155,142.219611486569,95.136441495617,84.7705711145791,68.1969181411954,69.0792286154832,111.251192653597
"12870",136.101745738671,157.26073460429,168.957274605066,165.629830417697,145.63838020425,96.1272496447608,90.2607743527681,72.1916782836693,74.1439560685002,115.859948302948
"12871",139.454295682895,163.90771374972,167.95861243083,164.461637965392,141.479759400597,97.2016928843461,81.1628399354705,66.0834309140124,66.1681747135798,108.035501234521
"12872",135.878967117152,158.743193053751,168.775858777289,163.807013601539,144.187692858205,95.8953267780378,82.884997742054,67.7520134293236,67.2731070583454,113.413098336848
"12879",142.251914285735,158.627373922877,168.170617307813,160.910765350744,139.582878337045,85.0693574368684,78.9925000672065,65.7516098340373,68.9897651107137,108.901041470325
"12884",140.404514429815,164.696781762527,170.165160837752,161.31578858027,142.521801494877,102.177839528506,84.1945696852327,67.2656359152966,57.5435084183413,114.661905027008
"12885",141.242725594982,160.595972936708,168.436221495283,164.498154839101,144.906932689526,102.265108532577,80.787536214568,71.9602765671765,72.5587227969389,110.75743774815
"12890",148.15616521977,167.416211467084,169.629502502161,164.55415773758,143.356793973539,108.762447640635,84.4130042322863,70.0447188188116,77.2876869526492,110.931534996946
"12892",145.067458481431,162.532741529682,169.043945951559,162.97429491956,140.059408931483,114.213108728546,77.4554814556195,65.6506030566443,76.3620746650904,106.078602129615
"12895",124.376743072853,155.13492662788,168.995564400575,161.502071691094,142.340340726758,77.4482982050943,76.8319056828402,62.212801356866,57.1348441504899,112.981178798696
"12896",157.919097944275,167.338561521112,170.062828583738,162.716374636576,143.636203065359,117.75636485518,87.5939944185722,70.8293291694314,86.9561278397803,105.645231852655
"12897",155.573506713267,166.835754687722,170.190075187262,163.86689281057,142.97032887778,119.732697724247,84.7849253044335,77.8646962185555,80.3858317193921,110.945341567155
"12904",155.016225526191,166.239026567301,170.004360833399,163.2196762013,144.944277618276,120.523529531836,86.2937113290684,86.2141019963846,78.0293899381075,112.442756413994
"12917",148.040708970753,164.670694806993,169.239956943985,163.939952531707,143.918497317233,98.2848127390193,81.3610726229886,64.3634587503959,59.559665320001,117.127106387505
"12919",130.477320182237,158.057893393544,168.838517217095,163.150993747155,142.219611486569,95.136441495617,84.7705711145791,68.1969181411954,69.0792286154832,111.251192653597
"12966",159.056378150986,169.777208532338,170.604874023736,167.576067864754,150.037773904119,107.120333357212,80.9528598401573,53.3866404297117,70.9237939095348,122.551994824878
"12973",167.576947010694,170.819777717477,170.815077395163,162.297023563429,134.418248292434,120.687052019929,64.7299738087838,46.2057586974747,62.7420097228627,99.1172685727596
"12978",144.396803553319,167.625687612082,170.261256418032,163.351067543352,150.947181698452,94.5684887279219,106.121527169892,83.7422487959379,79.4056996364409,126.006739093311
"12980",147.63628122604,163.748786211108,170.195982673037,165.969338277643,147.993313972156,107.207629185262,90.0056522802931,65.4048779617342,74.9173945878205,120.705016648488
"12982",147.525749209049,167.057509345174,170.542883942791,165.375225200091,145.791861780934,109.932084005983,90.5017841293235,77.7182393925481,76.5180731767716,120.164598361406
"12988",134.207084353114,162.491919940372,169.50375986205,163.899126153968,137.157750603628,93.7749368474771,73.7097126519026,56.2670934407826,57.9894332068338,111.677583885948
"12993",133.570470665219,153.962702231601,163.227257068615,157.03939300051,131.998129045971,90.7297945068446,85.3863250139282,66.490295033044,66.2733444682814,109.683983360162
"13000",127.407065221708,151.277719966607,161.656262142103,155.401154143935,131.267332492894,74.1137758480329,65.3980516122939,48.5763687212507,35.1752285400781,84.7193697378504
"13020",164.436978336924,170.370335752005,170.718878593611,169.075666600738,154.629998758991,108.145269469962,93.1207372656818,74.6027318355611,63.5567895273503,132.82250306122
"13021",133.979500528058,157.900429414214,167.621804824271,162.669787610226,138.802790338648,96.849919900033,74.0575024022536,67.2252906856531,77.1982358675181,109.082319660373
"13032",146.146010174708,160.942825732269,170.09378545025,166.923922530072,153.79350994033,102.774809743312,90.4999975938957,57.2702415853921,54.0255738532659,133.049966490762
"13035",157.750522784124,168.443734442401,170.818760280361,168.68438727994,152.960790065425,104.617046795897,91.8654470124302,66.6249597014167,59.2230538613793,125.67739724092
"13036",159.492997538697,169.490122891176,170.811412199694,167.729120744394,151.034344955761,113.079829852954,88.1030587747083,64.9162277341175,64.8984250114137,125.967885130532
"13055",160.04141102048,170.153377504978,170.709897624396,167.688338348141,146.315177971691,109.474730588989,63.4267519809856,38.5866728138065,54.1509152578454,116.165890675675
"13057",154.42525004739,163.848706656334,170.681091723466,165.853238360212,149.844734856792,98.0249784826155,95.3894008969942,60.7683148990245,56.6651681808677,133.872055187691
"13058",165.525814460675,170.47157107793,170.806144600582,168.206655681621,153.294856790948,113.217503884878,101.563520425671,73.3399912203412,65.4545084786546,125.122696863723
"13196",153.894068271857,167.869504065982,170.706914492314,166.997951334103,149.701406817207,107.232319898775,89.7475272868518,62.1072237320394,57.964162884366,119.143693266757
"13205",147.206319952703,163.36223193173,169.635155437599,164.712718083261,148.3741836222,107.44536779164,96.1409984334835,71.2977279125095,71.2356943390511,122.338072849875
"13209",136.347563418956,163.415720379517,169.894010530066,164.115009688294,149.269774732135,94.9752236639901,86.9720950812032,75.5448358108317,66.4014764855422,120.990004842575
"13220",162.715907941228,169.081487733687,170.608481093883,168.120933935036,163.028762204564,137.523126018187,126.344929816481,93.4020015183467,118.693030753032,155.034349615033
"13221",166.611291043545,170.81843385575,170.682124139652,167.527019661582,146.553685839718,116.442372052365,75.3525652522396,47.6356948980251,61.4861277843757,113.42444267395
"13222",163.676138618575,170.424529700005,170.559401968451,166.755700417428,147.19784380265,118.954353786347,73.6416369332513,43.1456057226135,58.5707555961085,114.925947283374
"13225",160.345428638893,169.574245203264,170.682079595564,168.766002398745,158.484205978758,118.314808513846,92.7061811754619,59.7844685228933,70.181683610079,135.992581500839
"13226",155.185509410349,163.98595046848,170.819963323786,168.915092328192,156.279795212322,120.290247885004,96.3855511803714,64.0159454948871,65.226289570146,126.642359019843
"13227",158.002788791033,166.983051264885,167.584733507322,160.700926649711,144.742246621858,114.635298549965,91.527015529494,69.1677867971028,80.2478135822468,116.006189418299
"13229",156.090929441089,169.439225093162,170.821083901515,168.886679089753,153.472290823662,116.610885470017,107.618961971204,77.8567890455099,81.2793395125677,133.988020424379
"13231",163.139284638606,170.070325717515,170.820768614282,169.776595125271,154.811696072684,108.318307820538,90.5057144473986,68.8108059618158,71.1834953643633,115.441270066584
"13234",166.079182523902,170.771458852739,170.806663154891,166.449161892192,148.813569471113,111.987297973053,83.1124670334994,61.1377267051631,66.3834316581061,115.616766442639
"13235",165.652380871387,170.388700656753,170.774311355642,168.987710705819,153.581106474889,122.207552966299,102.833478300421,62.5095808040475,92.3810095364138,133.248577828037
"13236",149.815658038929,166.355332565231,170.33638777949,165.369085644135,147.884073884192,107.38096976636,93.2019156333327,68.2686426109716,65.2161852612673,122.217375964947
"13242",136.091565264866,160.719184962544,168.956761808115,165.34005186815,149.75572073071,110.213419158008,101.987593577638,79.259818493859,76.0689852375581,123.803678737494
"13243",138.519277388445,163.244487609473,167.863724696863,164.790476937346,147.63410083334,94.3756505289011,97.003388988633,72.52314179514,66.4270148246297,122.257046188414
"13246",136.005847481799,162.370885727521,169.049943903904,164.340106113301,141.248664775929,94.3416554618017,86.0603018828515,67.2404203475082,64.9231296471355,114.006396211229
"13249",138.114936237381,163.320854627954,169.632427438777,165.010458032838,146.161619460211,101.336224277433,95.4358502312497,76.6106396864153,76.2870348071314,131.916395263027
"13254",144.281467931194,164.255156359731,169.311051791461,162.128213258043,139.182831990878,97.7642476716987,64.4488794490819,44.6216316231551,50.4046401495981,98.3993048776973
"13339",161.048534292421,169.545194256625,170.789827671385,165.895671157873,146.227858309052,111.024419252993,87.2540096329489,65.2272518805462,68.9642021135332,116.426084167756
"13340",140.547653209362,162.618310134218,168.738254235293,166.479943024825,153.750446698483,100.077849967346,85.1110592215966,63.5423412640443,60.369017976598,111.499208787233
"13345",165.136212230886,170.530976315793,170.812160567933,168.548008202286,155.473167856058,112.774059219556,92.3776101971807,64.3267438673451,84.869331873421,123.718368285167
"13503",128.94339706743,155.272875532329,164.094274283316,158.826126562999,135.835967598206,89.7519569727805,84.2064627194942,71.5153330144877,70.065467073058,110.453154129712
"13522",129.080518318935,146.943596354462,156.673222029436,142.985126937094,112.427174365254,75.219914115314,52.5208413000099,47.0317264470871,38.6684487543646,70.1519110835255
"13541",162.478287459375,169.783866950855,170.811450804206,167.486593748712,152.367519028276,118.763784292863,58.2472129994498,38.5975739835065,49.0521694127975,122.209236339536
"13549",134.198960146487,162.831051512095,169.132278351893,160.967649951957,142.345862168035,95.6981519623646,95.5304653980789,83.0726128391442,71.0890715771736,113.338509646151
"13550",137.891104398027,160.130141263924,168.411164374997,162.709217271866,142.222912865808,101.261343361292,88.8434522182347,75.1369862682475,73.214664183308,120.299698714897
"13554",150.137428729466,166.056455507725,169.959702008212,163.70493744281,145.780028660695,112.115097828901,98.3346666399266,80.7809377052597,73.6059743666286,119.608488042494
"13562",158.805294739349,168.451270548407,170.75353446692,167.662152643005,150.831572859566,112.789474315934,85.684145046501,61.081384698457,65.2097552052825,122.39905599127
"13563",142.247891132191,160.960833675891,167.3142383397,160.265118259106,151.178300108952,112.826002791565,105.472551195921,70.5972382231342,65.5458468710069,124.642555462634
"13566",162.686985510816,168.458205741773,169.462807883315,166.08703547488,151.577170347863,111.041023987553,101.436891204896,75.32177491324,66.1311816624621,128.254076735067
"13567",155.259661529302,168.905298734341,170.74085327478,167.390197057095,146.153425317298,92.6349755871106,100.342121727189,87.1003100179477,75.816516119221,125.446369161768
"13570",139.138932559057,158.979277376145,164.885952432631,158.24493245809,131.190829179012,94.8609872691319,81.435418873496,74.829526968091,74.0447120448884,110.433454608822
"13572",133.277770470059,154.519649735327,162.818140021338,159.692237246317,140.664480212047,92.8243924080204,80.8825394652913,64.9096544315384,63.0221500815673,107.643904514688
"13573",138.310450920689,156.692890738716,165.699301106444,162.532741529682,140.203472745923,86.8980562817027,80.5258082170834,67.5604135775409,66.1115408459951,108.357032163583
"13581",124.425133828348,161.240515787119,164.706823739374,143.129122197469,104.257826030147,84.1552672503723,46.9639521876043,28.5225479658113,33.8648102588872,78.1375764920587
"13612",139.005409736725,161.03865166983,168.592483640721,166.017714451141,142.28240332014,95.2956971133186,73.9621630797776,58.956871017453,56.7413678542534,106.753407312618
"13629",163.279127729857,169.471823630534,170.812451522235,167.257525418616,148.48564720178,111.84103817927,76.6466986413111,54.4555271538469,63.7413986144096,116.213027246012
"13643",148.1089579091,167.507688213607,170.533489875026,164.171052324957,146.823669203875,107.647953179622,90.1380978763855,66.8861321939497,64.33426154717,120.221041250769
"13644",147.7091731223,160.980052241497,168.696291090453,160.922222284479,143.138114931388,110.724248151717,91.1493092975564,79.4566552761467,73.759739337291,122.967060719024
"13652",122.022079490288,152.233534099841,167.939716092098,154.646645189093,161.694581176794,83.2028030680921,119.503263808627,73.1229002305842,68.2736798794578,125.816612457511
"13669",135.39712530242,162.855228634614,169.594296567562,164.640030770691,144.584486684484,102.210425804985,84.3881910424686,69.4369729323308,71.1272925489613,112.302443283102
"13677",142.294568026127,162.801984115131,169.527524951055,161.274581220222,135.318554887806,102.328179557088,86.6965133738378,75.1045318913024,80.694731886035,115.095570595173
"13699",136.111342937832,162.724422412458,170.614377512814,169.290121687009,148.7488202167,73.237523620382,79.4753956336083,66.8621080696873,49.324227562037,121.353618028312
"13704",157.447724115597,165.956313409673,170.363802086096,166.583234126609,153.39030724891,102.873965108696,100.433262466404,76.8299469771837,74.0530085330099,128.374711294878
"13706",144.975160478501,165.254517131671,170.185709590617,165.908411811737,148.356396389838,105.057246345542,87.1955261420739,62.8845729269697,67.6689918820422,111.683072564864
"13708",141.728377273261,166.082586350151,170.538822994937,166.566934639191,148.421576511828,100.297032948107,93.3353408140372,78.496709491579,61.8080785275973,117.629700455283
"13711",143.497193620077,165.307223082696,169.663507232121,165.71640362286,152.09587955467,94.0306971073765,100.55642692487,70.9306295967527,62.1993109778849,126.101638385601
"13727",127.558572150095,150.422080842931,161.598612264899,156.802010469053,141.020112473884,92.8309150076805,88.7266412837197,81.0253611095526,81.3207056530677,116.099216433153
"13748",122.15198412606,152.001942934918,165.486126833513,158.426419669155,133.509204318366,84.429811846756,77.9964571810946,59.0426837734265,56.8863833412536,101.383605064254
"13831",143.524014740242,157.68207788864,168.559649092693,163.94756926365,152.688082110779,108.535186966966,68.9309016610796,73.584026853941,78.4909339508184,126.856892220965
"13837",135.313724482104,162.667394476569,169.354513574328,161.450811737933,139.496965642324,108.646511691054,84.5623309575674,68.5758583966051,64.6064316738702,113.572907246769
"13838",149.238406066229,167.311716831309,170.178849742628,166.122162098925,150.185514380614,101.578550346304,92.0907269707978,65.2674029118033,51.4507852004219,123.247850672157
"13841",131.850643159999,160.620910139581,169.336470479123,164.619284143245,144.252167876182,103.804005223212,89.3683063029851,71.7604807790511,69.3046282475319,115.064670260046
"13845",141.913966771463,163.816626381611,169.587949202447,165.121138994575,148.920105034357,99.2294165080841,90.8952439749174,57.2620882358291,59.6870519236756,115.234573205256
"13852",140.759184469809,165.021430554943,168.030960223025,163.817749457161,140.557182059245,92.2975348022292,83.6373575464439,64.9770292945407,62.2842204447044,107.854270596461
"13867",154.945460644401,163.410719895818,168.540928861144,159.71202671079,129.145727084808,110.408091516671,85.7601212184969,65.5455475517691,67.0168133714905,116.786840690546
"13870",161.284202526874,168.079146466882,169.7469811675,162.506275650491,139.207857575091,120.649475504742,67.3564063808132,62.8535498467993,74.4352395288827,96.7814379216967
"13872",149.137849203271,165.300740242825,170.392216422154,167.78651713267,156.014078330417,107.656226153168,111.263989205644,73.3441615187716,85.4345252071688,130.389654112801
"13873",148.509646405546,164.9815660332,169.326789227031,167.958127376888,155.841766709642,107.748158625839,104.366705569406,78.558721814882,83.3137535306193,130.456648244603
"13874",156.864764156552,166.592772071348,169.979860248348,162.260290692438,137.599927758019,121.58009044964,76.5081540477258,75.2066467298774,79.5803222354052,93.8901999997785
"13876",149.656083460788,163.923980218502,169.967537534666,164.894953193872,145.2814602723,114.735414762593,90.8772309743305,74.9378945051565,87.5404789480435,120.050459545594
"13886",133.245711979141,156.179960348622,164.470256137202,158.17599311043,136.369428597034,88.4554691385314,84.5968419490608,71.4329707634119,67.1311451864621,110.379054103569
"13887",141.583709017759,159.757184124752,165.120423292536,159.106631381907,135.242219540263,92.5993201881471,83.5658179699396,73.8912002489014,74.7723013960122,109.221419304963
"13888",131.709211567982,154.817355098288,164.664035976438,158.61365897385,137.625580639772,90.658379843074,93.7708112836245,75.7635192774005,75.642594880959,109.819950606678
"13959",137.096984503837,169.519779732559,167.338561521112,158.966584353651,123.61274690606,79.8359422267436,51.7180901788708,38.3687987134396,31.9421369555219,95.8428736897193
"13965",156.354954965532,168.525401194389,169.789665018316,165.508903751188,155.822696235056,99.3359107800149,96.8194867347561,75.7171414839078,67.0638927963337,127.976616537929
"14016",163.405050368521,170.408521965417,170.489661486085,168.703720245788,149.860783632939,130.829383107555,62.8934015873009,20.6227570548479,39.3240676866354,121.196006304024
"14019",144.611962524344,164.125849001567,166.551897277438,155.02873496123,128.469195049893,89.2601870647132,64.5952001223634,55.2732195481413,53.1834485606992,96.2504420837712
"14039",151.074117406567,167.483366428162,170.472141732723,167.664593561848,152.156798618579,99.3051729991916,88.6070500528325,63.7420595770511,63.6065551616703,123.358711712212
"14040",153.866896662102,167.053347658849,170.42739529335,166.40153622692,151.476203767494,106.98231637454,87.1755853315848,66.0011206773805,65.1310175175651,123.066943113719
"14041",128.80602813086,154.08940865065,165.683582662411,159.492997538697,137.710660235936,92.1461082631666,76.5834165046372,66.3421775528169,61.4033395487181,101.993775875353
"14042",131.210794483554,152.759696340554,163.784117351727,159.857611910262,139.527539493318,90.1132534805279,89.7449268139248,74.3802799174041,71.3533048682578,114.159400143495
"14043",145.940907467673,164.277699369831,170.109229538674,164.489315929644,143.158092691937,110.371052006363,81.7954545763428,60.2060111372513,69.8034728707645,110.058565065285
"14076",127.274391705351,155.138012473881,163.447635004471,156.101677021215,127.547242786793,81.6178282053811,57.4925283887953,50.5439909952457,45.8255293329713,90.9006241778842
"14081",154.982314165377,169.733231915862,170.330483480926,164.79180756833,144.239027267184,101.956946719088,89.5267021948377,64.0515069127782,62.4669159587657,117.91154919766
"14086",140.595280568605,164.459089432367,170.80861456601,167.582296397099,150.947703602429,98.5712215529723,82.9840981335314,56.3478500539737,56.9329993008292,121.378192403333
"14136",158.579737065471,169.805520960359,170.786933502073,167.582946387304,148.141489589878,110.97966462647,92.486460695043,77.1226636626184,64.3231916949037,118.254615098201
"14245",128.426986914972,155.196363056755,164.893266134464,156.707631918272,122.967497953336,76.9621924612153,56.8527174028222,45.9868718400588,44.7183177095692,88.5323542745248
"14435",144.191487959785,164.449040854833,169.892159191111,166.114538060538,153.193508839637,101.773250450699,104.547988311915,78.6545375259907,75.7020826364836,130.630010960867
"14495",159.75108075671,170.334817336142,170.821194029236,167.675158924428,149.461688207705,112.536205098792,72.1268794998411,45.9375846093319,53.8455017950059,116.227652249077
"14799",164.361403105389,170.494898619925,170.803235392274,167.211745393989,151.69862829181,118.067803609145,52.7618988033905,39.7460504022925,51.1875545558555,122.241935755518
"15118",136.239742799738,160.233651824034,161.049062066773,149.1476374295,117.531355736061,82.6406828457123,54.0290451044736,43.3692433641745,40.2604657382642,80.425073743932
"15196",154.879109644279,167.834246500239,170.387799348941,165.015512644601,147.003430136661,102.063105436069,75.4990503653228,55.1045272155773,57.3578046473462,113.879700254546
"15338",163.279127729857,169.471823630534,170.812451522235,167.257525418616,148.48564720178,111.84103817927,76.6466986413111,54.4555271538469,63.7413986144096,116.213027246012
"15375",131.961695254056,155.959691781865,163.286032482314,159.38278238013,139.858595813637,90.7087838514837,87.2654592911919,75.7833938872524,70.9588953001563,114.85970439331
"15403",146.473737852545,164.044529943834,169.804043846784,164.316667300439,148.544527734997,99.6120133691507,90.7099920287043,67.451201664589,60.3264590662456,120.27393767927
"15456",149.550908832755,168.7110062835,170.128937332893,165.170187817058,147.653592125888,100.407498218538,96.6262715898821,64.6401259134105,65.1178941638287,128.145192490202
"15796",151.818040235587,166.784712454665,170.815171451028,167.813688206666,145.625905615637,103.159645946534,64.5666103380236,43.1794044786513,60.7094990543225,109.564562689444
"16755",155.976919082987,168.505534049819,170.820789440342,167.94306839362,152.672334074511,109.656719555693,88.9279163234284,66.6199134042022,76.3823835372618,127.518642418238
"16797",157.354998092894,167.226513528937,170.622397808967,168.387892572866,153.258056038525,115.516701800573,99.0451819153116,73.2254102160806,67.6545893881479,127.383730733319
"17177",134.138287157395,158.588875173394,168.423075378387,164.68446569198,146.650060749249,104.055527595574,98.0957597612819,78.0892600189672,83.1124670334994,122.753408056958
"17357",153.557406762287,165.095307028766,170.79753099106,167.09981392927,148.753155112261,108.053123823176,86.8578447832193,52.0433821291355,56.9329993008292,120.210676665515
"17495",140.292528597492,161.110171811109,169.715149987565,163.97332851943,139.634596365308,110.177700772431,87.5939944185722,67.5681695982643,66.1050682236136,111.510057664123
"17575",157.223945360962,166.409795515085,167.401495226039,161.766183264752,144.156172402496,113.310096966904,66.649659645416,41.4201009669237,56.9537180985321,107.762368716368
"18217",150.427143266441,165.57504785912,170.765150670264,167.304987932711,149.517944811834,106.017970871138,87.2114775908065,72.8599157421686,67.6689918820422,118.668426024379
"18235",144.097277037257,170.395280495018,170.694623044248,168.06406674315,152.637581505534,107.379122769224,85.615195476669,60.1891486589853,67.6689918820422,130.195562994636
"18275",166.041692768232,170.784574934184,170.652494892215,168.022884609481,149.58908029171,111.624513563482,77.1863240193461,45.1669891766045,59.3084341787869,116.55062261399
"18639",154.1280860445,168.330695012354,170.790410284982,168.821645899241,150.386005809737,109.975101998913,85.5598034567995,58.9403851908442,58.1879995446311,129.412495543731
"18657",144.040455714196,164.318261510407,169.994649309737,164.467618610305,141.59661643999,100.892573236841,82.932691186398,59.8451679165335,56.1184447100296,117.987714442004
"18898",138.150673133247,160.182709363487,168.233834157649,153.112905266413,149.737148728319,104.520849061111,103.418896698583,85.2623403394389,80.1851864669289,125.578339329635
"18936",131.738643610274,156.905771712012,162.328960337498,153.212947144571,123.696417873331,79.7981410654126,59.6158646738322,59.2642349580721,55.3388806403079,86.1418742995069
"19015",151.673535441242,165.064968758691,169.18400232447,164.383778419242,147.564860793497,103.376376087514,81.9456717262972,73.5975827894869,61.3287815681263,120.993885857683
"19016",136.888172523319,157.098158684188,166.464942228659,161.55041350619,140.308874549223,94.0902814782248,80.7192348872884,66.1555536914572,61.3021537133885,105.739331047919
"19115",143.647931712154,160.749573678763,168.348499385548,161.592949253846,132.427915333256,104.6276800686,67.8706020206024,58.1663365908205,50.9388642262945,87.9122887859931
"19135",138.838572804772,161.087281287876,166.571088719912,153.524086012681,124.987681048444,81.4617774584149,59.3798344551978,48.7699344707886,52.0781476649196,88.0485689396483
"19195",133.272802410529,160.369530355537,167.597584690141,161.427419964005,138.329635071314,84.4258234705976,76.180683895907,60.1071157936159,58.7666772663487,106.959121690515
"19336",148.317235847588,162.409935264344,170.709185789918,168.113646392471,152.844525825395,96.0263931791418,89.1600300822838,60.5432716272022,57.687152657828,122.342685098593
"19355",132.064312679545,151.674929982135,166.500642262365,168.397809749029,154.690250092949,108.90605356688,108.110216834308,85.558427096726,86.4777281556227,139.534157869881
"19655",163.891477206111,170.532619783493,170.75689394955,165.262667450795,153.158147421434,116.878934033695,104.500792543205,89.4340374359283,79.055150321835,131.971759823526
"19855",144.537638013032,166.126963371763,169.73638469321,163.444685626089,138.513712364987,100.849742118415,71.4902674965704,63.7301619566644,66.0209209131888,106.161987058956
"19939",158.417299836476,168.674113661374,170.810998861434,166.534938735567,143.315421380861,114.838913625419,75.8618369431518,52.8523217233562,67.9761886436847,120.401501190328
"19977",141.783068626472,161.231070061123,167.366404187928,155.816825590008,125.671657967455,91.4677635876636,58.5707555961085,40.4467944548653,52.3451360357238,85.9160287474945
"19995",144.894477429207,167.338561521112,170.126155942,165.841415478518,146.171428062624,101.78394113533,93.0681922810939,73.4918363718778,65.8526084615132,119.401119925216
"20115",147.871070463423,164.31287474184,169.721303764421,158.019542263458,139.72399312599,107.583969696975,78.1018314816273,59.8603429218559,74.9122472731372,114.032092798222
"20315",156.824114469157,169.119178481901,170.005000439861,162.547037946987,142.621822479373,110.082401355292,90.7717119077977,72.0629146511148,72.6783308098625,117.266381344955
"20455",162.454020729912,169.961431325573,170.807838310993,164.807624823702,140.911702594586,120.95432125655,61.7068948202813,50.1165477480826,68.1863628533105,107.601385997945
"20559",127.935288011818,152.469086361409,163.99521964328,159.544439873537,139.07793326991,92.3482277739548,84.2878121525032,70.9575859052448,70.8214564414581,110.961118589794
"20595",154.612903954267,167.94306839362,170.813852165076,166.912617117175,149.342865995994,86.0963572491747,96.1756322075421,50.8516950972512,49.8380856131021,119.84721212597
"20776",145.899526049658,159.153941963429,166.845107337475,159.573244304378,145.574410306403,108.413935932812,93.5520304876527,72.2117054226423,70.601541688421,112.044766397966
"20796",146.340495350507,164.121658956295,169.753144221925,163.962887307954,144.315520860558,102.632291279184,81.6652054697066,67.0638927963337,57.4983862460072,106.554404469053
"20815",150.212100834295,167.387612738877,169.896003574128,164.396337824163,144.67615582938,108.219769246096,91.0709267064279,70.2729134678322,70.0788273537999,119.485246155829
"21335",150.198617410511,168.270091760103,169.033580904869,165.565155735283,143.494797117722,118.754718815385,98.5155914254836,73.6249947360388,82.2458784264579,120.922061095812
"21415",157.072407589203,169.95959000199,170.692700356664,166.161998248859,144.387719913213,113.635486343655,72.2601890928318,48.6932432448097,56.5704807137314,110.581352825149
"21676",137.381782729408,158.917408934675,167.128827989821,159.319047810031,132.326114011713,83.2443358552111,61.7929010312199,45.1554093420302,47.7259354283338,97.7907330362163
"21755",157.411061482267,167.884143269668,170.724219701706,169.18714860242,153.992489037572,112.469121310218,91.6403133525407,69.140485411029,64.0490870753286,123.72568386767
"21915",159.75108075671,170.03914738563,170.771751639591,144.93432198412,142.721709112173,107.99021065796,76.618417394642,55.4901548921726,57.2062569421193,113.188248416029
"22015",147.51090386485,165.352483746102,169.995861195379,165.739850974751,150.150899243751,101.299532486989,87.1578765148865,56.9180698006528,63.724213112667,114.530162657463
"22095",167.077394949838,170.791204511407,170.763720743023,164.593874129778,142.88581180441,122.956026182582,68.628224304776,60.7793636754271,93.6840117130313,110.342536591703
"22315",161.247680904057,170.422539517269,170.797514434214,168.262016054511,153.597640447946,114.934078076734,83.6840390663097,62.5365598271821,64.6664948367268,125.111743561576
"22335",136.391077801578,160.707884433604,169.453472978731,159.598485169119,136.084238581832,94.0187780162554,69.5290104717742,54.2908272480717,52.4617744445667,104.666407440206
"22455",138.348718413874,163.13056431804,169.571268074728,164.73720235154,144.061126003069,98.7219418282644,99.676869128578,76.5339432648788,64.9994869072655,118.431401880909
"22596",144.500852381841,163.048742183358,170.523898507386,166.76063727962,148.213039501095,96.6457385189058,86.3357933441411,63.4604660801193,52.1632155707303,119.817778476395
"22775",134.417021714247,159.611708272765,164.273294977554,154.412695467113,117.54436969601,95.1069480208802,58.6718740730599,36.0990521772239,61.8080785275973,79.5737652945245
"22915",151.732934963684,164.469845892544,170.425569201352,168.395616809861,152.418070092567,90.7571052792796,85.0325825823636,55.8053930205929,47.3951741654233,122.644805867058
"22955",155.205042829918,166.093922647746,170.373718714195,168.802229409644,158.393468739533,109.396750717408,101.307788890928,69.5822552454433,76.6767452588091,144.101535845486
"23375",153.068307558783,167.46351802431,170.37995455794,164.93237394925,147.2551084289,103.224970354459,98.8317422548799,69.9612204674878,65.5159149730829,126.483917505561
"23436",148.369806030995,168.435119385448,169.303284756647,167.772488076278,154.098695968147,105.420705298217,97.1612950752679,71.780613843693,64.9150445360791,127.406731913569
"23695",152.802139904355,167.998073728214,170.236129884064,164.445836685357,146.297084946196,106.147354003582,90.5236807290863,71.344410066876,64.9289046944514,122.158012376674
"23816",125.41548893416,155.263558643854,160.324548197524,149.550908832755,123.403220698782,79.9669525996447,61.1756713683382,43.7111700069486,48.7967439593521,86.5726002968708
"24035",164.684561247257,170.148985397983,170.803043251214,168.235099369104,162.081431084763,135.023024593156,126.885077862386,113.742994974617,120.551152490177,152.749893451055
"24115",133.035564652952,161.731577135564,168.32718278888,161.640668963298,138.021916837338,92.4983436225056,81.5609656760415,68.3356744782545,70.4491094728979,108.997239415196
"24135",158.736070783263,167.885450129921,170.821916308947,167.713295721814,153.469262566077,110.834845042529,94.3176148551146,67.5725534048662,62.951778858709,121.233383407341
"24196",131.917404901315,160.504999160622,167.151708715047,157.688724493606,138.409610055094,83.4025195634685,77.1755927518896,67.1431540507664,61.3190180213565,110.336370235637
"24315",138.402532947074,163.655904747495,166.036095130965,156.745783795139,127.883910007509,88.9173600211883,63.6290296142255,51.7682258322166,57.5093697933186,94.0799842610384
"24455",143.13998815702,165.834610215656,169.878028619029,165.175442708341,147.329087570803,97.4878005860411,89.5633264241251,69.8704943378624,64.0542724376862,117.776608089917
"24495",142.384495092919,170.310112214937,170.099759608049,162.091430244363,148.202540918925,114.105665785794,126.453163473856,87.4888633414644,91.7452605888414,117.313592839363
"24575",132.75671851062,162.362882204552,162.506628817549,158.089503945399,129.626525360953,93.3684805606864,64.9770292945407,52.5359043588787,58.2337333245133,93.9563746495471
"24695",124.454155224004,152.745918491481,165.16366632996,157.749347702496,135.233197643491,83.5083406073985,76.4337526509169,56.5295753142282,53.1523963768272,107.081860215156
"24696",131.261194796576,153.127958909023,165.096552457271,160.031048588275,134.417021714247,89.8339030799288,84.3881910424686,73.584026853941,76.2392258292753,111.4688267195
"24715",139.08464636513,157.093377747653,158.952439767354,144.333959542818,114.477144156477,108.169188868957,96.0843080884803,75.7808459162834,82.4208577652603,105.946907380883
"24735",157.322954581509,168.113459399011,170.807603216215,167.555035222775,146.5280957068,108.030110321399,61.1948353564916,37.6085161911575,45.9933102629783,115.103403978834
"24937",158.185746312005,170.064593644997,170.767396720222,165.698798541217,143.302684173675,119.036860116474,52.4899439892921,40.0476474124052,66.345162095952,107.189669422727
"24975",157.482184836734,169.915584905777,170.815158230634,166.546740196354,148.263619225626,109.30980256102,85.2898976182584,62.3380675343168,63.2457531010489,118.958821545777
"25055",154.173273101102,170.254180001329,170.636753631676,164.067739624383,143.793428702235,104.598391416588,87.2071272935107,66.4718780538228,57.6782059420916,117.179356409974
"25235",134.940051859132,153.995475994299,163.48778734517,153.055591551494,119.328094795036,84.5276514893254,67.1460895358506,48.3619085286918,53.5661399782797,91.3146876292277
"25815",158.735705477166,168.013216530136,170.807751170303,168.305304940211,152.302267779667,116.150696810428,95.2409715039396,67.7294797813997,68.3434234627732,128.231916325558
"25835",139.13385183434,161.904699281627,168.84494982127,155.498502751578,150.038309466898,103.042278292355,88.8645711924633,68.8108059618158,65.9511356903458,119.035451099458
"25895",163.796018399103,170.173386935389,170.821769567248,166.356356970405,146.481994255325,114.654191384318,72.091531430869,50.0166431083535,66.5075247830837,114.494655593482
"25896",160.709043758168,169.151425249998,170.81854221041,166.697730885564,147.611744746367,111.084943330406,75.0208605096957,51.3004903008984,63.8312897382635,110.453154129712
"26135",140.038422091019,158.773116750543,168.307738490804,161.694581176794,137.787758354093,102.888925603163,78.5654497713752,70.1158387323912,66.6185213082223,106.598925904467
"26155",136.122966039977,156.817477131628,163.471311211561,162.293009626267,141.238765762352,96.3578172645305,77.8646962185555,68.3542719365699,67.6977961499787,106.276558633662
"26235",154.802186369121,168.178848976385,170.771119563585,163.639474043807,141.406674099637,113.767895028887,92.7922458850768,74.2423605165476,75.7833938872524,123.230295763351
"26295",158.542360577847,167.53268749529,170.601527039618,165.521160889185,154.112157236949,108.814240914755,100.423730182022,78.2294552173824,66.0912990822199,132.078256130875
"26335",132.670383645346,158.562755857239,161.968622426132,148.841808286593,123.403220698782,88.955058811487,55.7423365982716,40.8245719371538,46.1121686711287,86.5406125966914
"26435",149.457434184313,165.862034196294,170.159225155983,164.962534224186,146.566911009305,101.805623942197,79.5055653992088,59.1943960495575,64.9686075956114,124.859425700171
"26575",143.670690806817,165.496072529564,168.563562744549,161.316382637368,140.1241096994,112.498182688453,74.426398524969,59.3470286856776,67.6689918820422,108.359049104447
"26595",157.637440287659,169.89519962721,170.772405408044,167.09981392927,147.940373099473,110.404032926873,84.5171944702785,61.4483109595143,63.0221500815673,121.241586147113
"26738",148.771067214716,170.612701485148,170.625469208737,168.232015024978,151.910319469595,103.447575930942,77.8207653188535,57.3375972636567,66.5705705729674,122.369351371035
"26775",126.700125711237,151.589755540467,164.517192517042,161.470807397561,139.380511628962,87.6322123733349,87.6808445075867,73.0121657617989,72.1582980560005,112.18029531483
"26795",130.158178781895,159.888277862908,167.676038502676,156.879962660987,136.824805081072,82.7705010057089,72.8521729897324,50.5735533381995,50.0665924467876,100.290644341357
"27055",145.529302277986,163.781985493186,169.441271828823,163.90117138103,142.332977814623,97.6171167697721,76.5841943223967,56.0114069749774,54.4686781575317,109.958402663299
"27095",162.25844527499,170.309254034868,170.822161107524,165.743169894413,151.148566107083,114.513400086874,94.1458768425032,74.4497384059445,74.6667628616287,121.248421201383
"27315",164.355469358793,169.897500453562,170.822051671445,165.441669821849,144.419836075652,120.812657494465,63.4906309360601,53.1660019413268,61.2165348858037,109.862519698557
"27436",139.494845529218,162.017081342026,168.528178195232,162.294123268021,137.870106998962,95.2298065913595,83.3201625377501,67.0638927963337,67.486096643631,111.303761092201
"27536",126.006739093311,151.193157415935,149.245012149553,154.849202563143,127.976616537929,73.8912002489014,63.3256070582187,47.3757280314044,44.9586286914215,88.6110141104315
"28096",159.431285525826,168.168145062616,170.806732793382,168.474428632529,154.367748966499,118.099821572583,87.4856768200346,67.1714943844327,66.3642032396581,124.599115235055
"28256",105.989950207748,147.34085535435,170.48932369761,167.04751699309,153.078954514739,91.5929238675471,77.601031934842,61.0297306007055,57.3578046473462,122.560139968693
"28316",134.868054719392,154.035173427912,165.741085676994,151.927760616458,121.773219086872,84.8313787988115,64.8422766230152,53.9283861324242,61.4033395487181,92.0876064435714
"28336",123.386903340018,154.393554036536,159.929187462099,152.352742979603,122.066447923405,79.3976163143316,60.0002930090695,49.4443263912949,54.3982531289536,88.9604869337504
"28416",130.227609988107,142.947001722398,165.834610215656,162.376621398943,153.153596706787,107.820745061998,107.530491406161,90.178466097854,91.2737392131098,121.423683382607
"28636",128.570400281091,153.775451314735,165.060191000494,160.756716369392,141.26729691222,89.69381405963,85.7716732103968,76.5498127145054,70.5848614428129,107.375680570515
"28776",145.108228003232,163.985064223846,169.635403874052,162.546323453108,143.221404917646,114.389398225571,87.1322599720486,70.6876046172128,69.5114804345841,111.692481157204
"28976",151.469302543127,164.164420754264,167.815322637201,164.365437913665,150.744611985721,105.589867031496,93.1854704255259,76.9938958048882,74.4231567928824,120.733260600569
"28996",156.239022422481,167.416501570737,170.760376559975,168.967258869922,158.365022380134,111.883921399566,96.5612031597695,70.2657835920901,68.618089237609,129.047631810529
"29016",129.802325461647,151.635860664086,164.867927930993,158.642549729495,121.205916846732,81.2003832675713,59.4809879580512,50.1870829781536,41.3144647196839,88.0712745788037
"29056",136.350641213811,160.28564743497,167.303967784822,160.449507790245,138.08082643063,90.3641774973407,75.5787567900356,59.9752413278423,57.6122939922002,106.359058120438
"29116",140.593376259351,162.263980905212,168.144544493259,161.558033350035,137.541162200059,98.2380942149285,86.7586280707972,68.1225484061403,69.510416098198,110.507017013793
"29276",149.530157154527,160.065200069677,169.869628196732,161.911797229458,147.978221879533,112.813464744167,94.9594104796852,72.9321756971928,72.53489649459,127.27864068258
"29336",132.373397611721,166.720426776337,169.070716840941,165.044399288075,148.461633112195,101.087238970834,93.5799077710638,69.5792076779016,65.9919032212485,123.680594349798
"29376",124.53793978127,157.684625981132,161.908426086501,148.690492839898,118.477037886987,80.4359734607709,59.3220340879458,49.5459908942386,55.9153015973891,91.2768983722444
"29436",124.279879934781,155.592759173101,159.44965237569,145.574410306403,128.293633145553,70.9474077806038,56.8435359635417,47.3290620753698,51.9409531844093,86.6365632251553
"29537",133.979500528058,160.585119886668,166.584066782582,158.681340848598,133.046366315884,83.1758034707312,69.8264524079067,49.7775752776415,52.5357183979055,98.153548262688
"29656",148.687460421867,167.304987932711,170.304951900278,166.35452760865,147.880823451803,101.8162197088,90.2249694219046,65.7132978627756,60.0957575019611,119.273290274353
"29697",152.6462315581,165.323436610546,170.282690693635,162.103141922337,138.41411310432,106.862850206085,81.1052646000335,66.6993490796418,72.7492939149242,99.3411212809568
"29816",164.464276887421,169.49238209822,170.785836268603,166.706079802469,145.435716812284,116.067093566355,69.7129833772684,51.9086320234225,63.9829724587433,115.339269997439
"29876",139.588965282567,162.781451956213,166.517023189224,152.885489598283,121.005851328387,84.9038299111367,53.5189657090913,36.1685955355658,42.2199888604444,84.4066239075708
"29896",150.787077605124,167.40990877899,169.740467586026,162.400650289665,136.964188579011,110.682748468475,75.1500812059596,67.8706020206024,70.4580771039094,98.846782166673
"29936",163.72984335553,170.005959346996,170.767229437529,166.401955952818,144.702085223602,116.944024284031,69.6157776454011,51.968817883226,64.1286962031923,109.799359006185
"29957",157.297567267079,170.100358757618,170.766313175789,166.4118994524,143.947973135668,101.590726283851,58.4359392125145,10.6699883070554,25.5757624972865,103.680234531683
"30036",83.8039729531353,122.430798454096,160.996249071105,161.333843078815,135.101220845123,67.041474303097,86.1271830958922,38.8669953766774,44.2923861622474,118.275686873214
"30076",134.980015186994,160.491002215557,166.393377146833,155.283035776743,124.859425700171,86.7132967928061,61.8890247755126,41.5210934872797,42.7680393035782,89.4972221371773
"30137",129.463139660317,154.519649735327,166.027265589421,158.396827783978,137.714521924139,90.442820635043,79.6046203841142,67.1791797667728,66.2943772548639,106.505414015205
"30177",113.739589418815,126.475420844175,143.28463396165,133.569245892212,120.468306591872,83.159602480199,62.0711509656059,59.1775386751946,58.8741260765623,97.5605528309018
"30196",133.516354969961,158.05745873644,166.292081600181,151.41966476881,143.053632215432,97.7806438511064,105.241977901749,89.5833541469275,98.2139425238457,131.95431268627
"30257",135.679269150411,157.942411752558,165.384685160531,161.221323600855,136.212925575421,94.4571859406679,78.6052238870027,68.0945580710473,66.7257441700832,107.01893140054
"30297",138.433922751044,160.171476341412,164.372713458574,153.642686607716,120.61714363295,87.6982106863505,54.70527121083,39.8311146410222,48.8861229532148,79.7236060880958
"30377",140.99744064933,164.024880771104,168.112359233098,162.865347662975,140.633351575628,93.9975866922991,82.2577224401094,66.3574732212739,66.6840292704007,109.629376769605
"30437",130.476946719812,152.352102628739,163.927319979717,159.857611910262,136.261003286998,90.5467780265369,90.5861916623171,75.8430119779233,70.0225389337046,113.466568878416
"30537",112.907135100651,157.774011178053,166.884623916306,158.549161165773,131.378946213952,81.6652054697066,73.1447528089072,58.8404160590559,57.2712037838282,98.2501687810385
"30559",149.428938393129,163.622398140874,169.941491703894,162.904091995191,146.772542604678,104.052653164415,84.0753490999494,66.9045924514916,65.5524745471194,121.319619990195
"30560",141.377020639205,161.772305671217,165.558610207952,155.66962887428,127.325364512325,96.8079701299186,66.7015686998085,58.2067743135164,65.3369003903059,93.7501821265293
"30657",153.803543053629,170.460716142733,170.753341354435,166.416213476932,143.413762500801,107.530491406161,53.3720788213483,23.6982401116969,38.3888541528746,101.523509454873
"30717",159.757184124752,168.467225941186,170.644237030223,166.261724034071,141.538847571454,116.207984963753,40.6129493860435,42.5953387653463,61.2009678258209,110.058565065285
"30817",128.737250798961,157.684625981132,165.316892439293,157.872397576006,127.558572150095,81.4505550369847,57.7844747376169,43.7810862533209,50.8498917753925,88.4974895936517
"30837",149.98058207361,167.210037630575,170.717855567006,168.172264763753,149.269774732135,101.217420123743,85.8198008562156,60.1031509072446,58.0885744918121,121.355438572375
"30897",139.849173051293,159.649612454494,164.765135642403,157.318784084943,130.055967542759,92.9439395573772,74.3543221370352,64.3975124811898,73.3879474278934,103.81244453767
"30997",140.085461847974,161.837464758459,165.149140885254,151.898686904349,113.260470599847,88.4418198183563,41.8314265540084,36.6363963963263,38.2735686302615,70.8883713517252
"31038",149.829914279113,166.888205519779,170.760659950696,157.626452905557,144.507800108521,112.243575166038,76.3725677219128,54.9496804193544,59.7035376175556,112.079119540887
"31117",160.43947039189,168.680558159487,170.244803147888,169.606616713967,151.889658793898,108.543858633652,90.0575108243999,61.3729838150531,70.4006821250634,126.774222306043
"31157",149.239832438889,165.942200959702,170.670903271859,166.916793526049,149.215983658803,104.85684740238,77.0872922060578,53.9896550284301,52.7217154143478,119.009325482833
"31338",139.072996558438,163.0863177763,168.642628662,162.765565793541,140.723550151812,97.5188571101296,78.3553680064124,66.6780927745121,68.4963488361116,109.762152676799
"31357",132.322475465895,158.433811313334,165.887126489657,150.198617410511,116.381152810543,89.7480754792782,49.0616599867094,33.2374245749054,35.8249545168198,75.0323028414609
"31437",139.418782316428,163.529214657187,168.620969892791,162.608637670673,142.981481447511,102.475243302555,92.1878849908263,77.3251822191414,77.7328876914662,115.997385360733
"31477",149.656291050054,169.051621006534,169.221533690253,156.966600601678,135.619976111892,109.586081628654,74.6667628616287,76.8749947994313,93.2544249990882,111.386322265551
"31497",147.34085535435,165.648907513048,170.110410340766,165.028220451206,149.963492212923,106.921269137786,88.9676821226294,68.7269043211503,72.0090436670118,121.323573888565
"31517",132.010504601677,151.299938233676,161.129985419006,153.501063126761,134.361801466806,81.917511760076,76.4667244122648,61.2009678258209,62.5863668118658,103.275907657917
"31557",124.454814693921,149.849761920635,164.883250710815,162.679767286929,137.282286693339,84.7737752503503,93.2233984268983,76.6691182690488,72.313453376353,117.959946041751
"31577",141.81097760107,162.190623283568,168.843938390052,165.855010431969,149.242097803375,111.827882391262,99.3142202785736,82.4417857802954,74.3606056508892,121.017217109222
"31677",124.53793978127,161.379893654966,168.535470950786,161.443872477217,136.151584980158,97.9908417748119,91.9054935381087,72.3919159256612,74.8881073368933,118.11535140089
"31697",144.90432606172,164.254778196459,170.357004998095,167.242284701048,150.321731323887,98.1380951058146,90.1509821796565,63.6121738000215,58.7649075668239,122.416604148821
"31717",140.766847568916,165.139835957073,169.680258917574,161.724768539092,138.091695471427,98.7565223378786,80.817227830521,59.312400822811,58.0898354682192,108.156029339528
"31877",122.608995366567,154.668708392922,165.551124090411,157.611183921048,137.692595764204,84.3436927188665,77.3289315405293,56.6112300518775,57.6556327394469,100.637388988279
"31959",128.530547439219,152.463232176902,164.519104745808,158.335047837853,134.848656998259,89.8723821633062,85.8679193730468,75.5111155348273,77.6568227981008,113.697984648095
"32017",137.0564393444,162.541505489346,164.714736533561,153.39493025255,126.738107628663,82.3917018195076,63.657925015242,49.4235943153373,39.8997437476055,92.1878849908263
"32037",130.393243543877,159.056573341328,163.120615953601,150.744611985721,125.399186439273,92.7506897611571,81.2779583576529,71.9484324737256,75.063801382346,99.955952680865
"32057",135.744426400179,159.41490802022,165.648907513048,153.527961840162,113.296564644191,90.694285285275,50.9166194920198,34.2345485680157,55.3388806403079,82.3158827164109
"32097",134.415427120284,158.424791373296,167.82103931456,163.013758205213,139.05778878551,98.4541451360694,71.4735565480194,58.4618647008771,61.1681507943775,105.748737468675
"32117",134.924962407975,160.988739931326,170.818919576055,169.800167373819,156.695571638764,94.6665054140314,110.102728708205,93.3997967175553,88.7840802420852,135.680454435139
"32137",118.537973787005,131.665147906501,164.012728508015,163.325419490001,158.653166276437,107.530491406161,136.608621853393,118.146403916557,100.963968024085,151.150104677341
"32157",149.919020961932,164.741549323736,170.693028209335,167.864230277745,147.736452499727,92.5042914376497,79.9292924734598,63.438311157576,50.0978138131996,118.981932875573
"32197",136.573586807904,162.938492977483,169.493181026156,162.42363102023,141.754167674383,98.1388147018434,79.7267270489866,65.4678087402133,67.2252906856531,109.450285168417
"32217",142.582704372421,159.447482651933,170.115844793306,169.349093234394,103.28940310768,68.0889598875803,45.8057968930085,88.4999944175261,52.3200398991823,33.3122672616374
"32277",143.662262732822,161.873999108628,167.842677651123,160.874261111206,134.795976394851,98.3732801854085,74.0672830344581,62.2366078274424,72.141607177394,103.734060754835
"32297",147.054331422729,162.168446305613,167.964455078086,161.595861903323,135.833167317282,108.324591248638,76.9501663619826,63.2649182568385,72.9649004451763,104.420763492577
"32317",148.682001446188,168.29262986659,170.51900205057,165.421708634907,149.067659168964,107.706435616914,95.9024138641626,75.1840553870289,72.6328421213839,122.622402037895
"32337",142.090261848168,166.436618674454,170.576564223929,164.291302527251,145.738049061923,94.5936637307174,89.2940646260776,63.615544960413,63.0221500815673,116.686445019989
"32437",133.301749055916,138.285634318904,159.772434119467,162.586993452882,136.567745669067,98.0257205178693,82.4644077580837,61.5551177832303,65.1342254303727,105.258944739075
"32457",145.271579438004,161.635081510327,170.197316178127,166.562184365046,150.229172461818,103.584067025778,91.4916094686632,61.9866354209453,66.7703743457988,119.482379417911
"32577",160.627705145879,168.637224855937,170.820293536833,168.039925870274,153.871859802956,103.31807683442,93.9843409209698,70.0771875627317,60.1363621216072,122.4541959236
"32597",141.634931100542,163.529214657187,168.981534887497,164.081707622557,142.483698996469,97.937679527046,88.018291308502,71.9782996928378,69.5290104717742,116.111781437982
"32677",121.312443969461,149.100070829493,164.333928758566,157.872397576006,137.32786108493,82.3090409135093,85.1315800019174,72.1619068446226,65.0566502219508,108.962715157324
"32717",143.693909027187,158.638124544228,166.098075514947,156.523790684638,128.650043991182,90.5057144473986,62.2952418191252,48.7533391081866,55.1372237119776,88.6766943191695
"32757",148.543220286902,165.537071515283,170.255876410339,167.287623230839,151.103916355738,103.565091382528,89.0608834306319,53.935096258295,51.9670883045657,124.320757337575
"32857",65.3542711569827,122.557316407127,122.418853665177,141.777992678862,136.764013287446,79.4118498643709,98.7316145025132,77.0137090651238,75.5912327841348,114.180886667581
"32877",155.318412679863,168.766414806411,170.792573622458,166.843998850232,149.363722867473,112.536205098792,80.5076727764331,62.1651881446011,66.8332783720479,117.166649361212
"32897",123.198453180468,149.282599826056,159.854955791791,150.867195923234,120.091339622819,77.1331672821946,59.1842816073603,48.8595623759723,53.8478697750746,88.509512495555
"32977",149.34025804122,168.384450788565,170.225781240997,165.710637601895,147.823664824969,108.378712735288,82.4708326293646,63.9930842454949,69.3984314700245,120.150770559572
"33017",143.690911866317,159.317148741948,169.378322179779,163.793661031195,139.712082019106,95.931492487709,67.4322609314741,59.2786846275513,60.6950443618241,105.735598171313
"33077",144.149302420121,162.16588534776,170.162769449024,160.778864968467,130.786011116368,108.734211422372,74.3699888667221,46.9326767258963,44.2710609269299,103.889447391904
"33157",133.747145556014,157.42985830736,160.927470823096,149.169873827211,116.076595705437,84.1299983785449,44.4869553805704,40.2845386970241,45.367488081643,81.2088924642294
"33177",138.317539437576,160.005766372783,164.835252587962,155.35283785702,124.901884578034,87.721363646543,63.0221500815673,50.2878679389003,60.5299583650668,88.6110141104315
"33218",138.360051989173,166.108243920735,167.303215976739,158.098678018333,128.737250798961,91.966514933737,69.2350422726351,58.2337333245133,62.7475682760407,97.715049775678
"33337",162.296047490126,169.971390801907,170.048439917818,169.057215359781,157.637440287659,120.992449900748,111.055737660627,108.050678826939,92.5409355728294,131.966355063086
"33357",142.648597696489,163.348737931844,169.199174826706,156.978748013453,127.605131344213,93.502461016465,52.7745888826228,39.7986151239969,47.0647499825161,95.2153568620848
"33417",135.616416741274,158.648010339016,165.438118121527,151.37448473289,125.605605106953,91.8204990042026,65.5563228597749,51.0901568683603,64.0031959818861,93.84918202136
"33537",133.59496141411,163.657566704049,167.285065648466,158.254781296085,130.639593389631,91.6846600628731,65.6217425137249,54.1415638325237,61.5745764488862,97.3968173371269
"33557",129.602520441336,151.583044064639,163.461635491497,161.141445957382,143.55467404096,91.2052789648707,83.8443414195025,70.6374026888681,69.7498509110167,112.0994722428
"33577",162.489768266884,170.546120828035,170.756353072659,166.258826969834,143.505689436581,126.704048586862,61.5289491985862,30.2309503441968,47.7259354283338,106.078602129615
"33617",132.60208196322,160.6480746576,168.145148395963,162.676964729801,140.770180607403,95.7006667307834,80.4336039895792,68.072165133013,73.2920303213247,115.427994240617
"33697",142.302462915894,165.577166240686,169.387699902138,163.601230493056,141.953905719916,99.5446358889488,86.5981874579266,71.1893963573659,65.4485657559305,112.753961039898
"33797",156.353973186114,170.392296155724,170.642331227703,169.067461262755,153.647776798726,97.8897589394067,101.19103102411,73.0601537001353,62.1978120472136,130.832170410144
"33837",135.133640082221,160.340085485157,167.319931394448,157.447724115597,133.723389809173,77.8646962185555,99.8364041660989,89.2443757853347,85.6753905854734,129.626525360953
"33957",133.306986939507,154.412695467113,163.677206386263,159.745738745722,134.868054719392,95.9244608253152,93.6263610375345,76.1475912076603,73.3319980625251,115.281852850838
"34017",134.23461649996,154.599600791979,164.587492562252,159.989947804416,141.178539526536,92.8159510654783,88.6617480730021,74.8051161579052,71.0890715771736,113.383143877957
"34117",148.537055814929,161.235268809781,170.819475238285,167.965245510345,151.503661902596,98.344094583641,79.7048796852328,65.7044743481757,88.82425144514,120.879299382789
"34257",135.133640082221,160.340085485157,167.319931394448,157.447724115597,129.626525360953,88.2301521619561,67.7362003970216,60.8636836267424,58.3011327298661,98.0899521797953
"34397",139.943880208771,159.460497569227,167.557870068057,160.791272882192,144.161118237024,104.829297936821,87.4665568353612,67.1983929230662,66.0856501608092,120.374404607852
"34597",116.708160327405,141.762761567284,162.25844527499,158.289217386562,150.472672070777,93.719234260448,93.2544249990882,76.3975572962621,69.0585841494545,119.65627974948
"34857",131.181584095588,155.750302306659,164.952774503511,161.356186585041,139.712082019106,93.2544249990882,90.3379567419409,79.8359422267436,76.2799456203583,116.076595705437
"34897",139.296425631625,164.008675051876,168.464221289328,150.741387052832,130.550108160249,86.2001240652023,65.5495883051959,55.5405855097263,57.223094686213,94.4265323877791
"34917",125.29151045982,151.683188840418,165.741085676994,160.990805282863,142.794711576377,110.336370235637,96.0263931791418,55.2732195481413,69.8838978398468,110.134391949382
"35197",142.035099740817,157.590157264514,166.106092346615,156.126148167175,127.605131344213,99.6569162570444,63.8312897382635,43.7810862533209,41.5081730508064,98.0605921377909
